Item Name,Slot Type,Link,Weapon Damage,Weapon Delay,Weapon Type,AC,HP,Mana,Haste,HStr,HSta,HInt,HWis,HAgi,HDex,HCha,Magic Resist,HMagic,Fire Resist,HFire,Cold Resist,HCold,Disease Resist,HDisease,Poison Resist,HPoison,Combat Effects,HP Regen,Mana Regen,Spell Shield,Shielding,Dmg Shield,DoT Shield,Dmg Shield Mit,Avoidance,Attack,Accuracy,Strikethrough,Stun Resist,Heal Amount,Spell Damage,Clairvoyance,Bash Mod,Backstab Mod,Frenzy Mod,Focus Effect / Skill Mod,Clicky Effect,Weapon Proc,ProcMod,CLASSES,Aug Slot,Aug Weapon Proc,Aug Weapon Dmg,Aug Bane Dmg
Armguards of the Brute,Arms,,,,,118,360,330,,8,5,10,10,,8,10,70,18,,,,,70,18,,,,,,4,,,,,,15,8,,,40,40,,,,,Faerune,,,,"WAR, CLR, PAL, SHD, BRD",,,,
Dumul's Sleeves of the Brute,Arms,,,,,50,290,260,,,7,,10,9,10,,40,10,40,10,,,20,5,20,5,,,,,,,,,,25,10,,,40,20,,,,,Spell Haste IV,,,,BST,,,,
Galladan's Stormwrath Sleeves,Arms,,,,,86,290,10,,10,10,,,9,,,40,10,20,5,,,40,10,20,5,,6,,,,,,,,35,,,,,,,,,,,,,,BER,,,,
Protective Sleeves,Arms,,,,,50,290,320,,,9,9,,,8,5,,,60,15,,,,,60,15,,10,,,,,,,,25,8,,5,,36,,,,,,,,,"DRU, MNK, NEC, WIZ, MAG, ENC, BST",,,,
Rizlona's Fiery Vambraces,Arms,,,,,108,290,260,,9,8,8,,,10,5,40,10,,,40,10,20,5,20,5,,,,,,,,,,30,10,,,,30,,,,,String Resonance 36,,,,BRD,,,,
Temporal Chainmail Sleeves,Arms,,,,,96,350,340,,5,5,,10,10,10,,,,,,70,18,,,70,18,,10,,,,,,,,28,10,,,40,20,,,,,Quickening of Mithaniel,,,,"RNG, ROG, SHM, BER",,,,
Bloodstone of Armored Protection,Aug,,,,,15,,,,,,,,,,,,,,,,,,,,,,,,,,,,,,,,,,,,,,,,,,,,"NEC, WIZ, MAG, ENC","Head, Arms, Wrist, Hands, Secondary, Chest, Legs, Feet",,,
Bloodstone of Armored Protection (Enchanted),Aug,,,,,30,,,,,,,,,,,,,,,,,,,,,,,,,,,,,,,,,,,,,,,,,,,,"NEC, WIZ, MAG, ENC","Head, Arms, Wrist, Hands, Secondary, Chest, Legs, Feet",,,
Bloodstone of Armored Protection (Legendary),Aug,,,,,30,,,,,,,,,,,,,,,,,,,,,,,,,,,,,,,,,,,,,,,,,,,,"NEC, WIZ, MAG, ENC","Head, Arms, Wrist, Hands, Secondary, Chest, Legs, Feet",,,
Diaku Armor Fragment,Aug,,,,,10,15,10,,,,,,,,,,,5,,5,,,,,,,,,,,,,,,,,,,,,,,,,,,,,ALL,"Ear, Head, Face, Neck, Shoulders, Arms, Back, Wrist, Range, Hands, Primary, Secondary, Finger, Chest, Legs, Feet, Waist",,,
Diaku Armor Fragment (Enchanted),Aug,,,,,20,30,20,,,,,,,,,,,10,,10,,,,,,,,,,,,,,,,,,,,,,,,,,,,,ALL,"Ear, Head, Face, Neck, Shoulders, Arms, Back, Wrist, Range, Hands, Primary, Secondary, Finger, Chest, Legs, Feet, Waist",,,
Diaku Armor Fragment (Legendary),Aug,,,,,20,30,20,,,,,,,,,,,10,5,10,5,,,,,,,,,,,,,,,,,,,,,,,,,,,,ALL,"Ear, Head, Face, Neck, Shoulders, Arms, Back, Wrist, Range, Hands, Primary, Secondary, Finger, Chest, Legs, Feet, Waist",,,
Enchanted Werebone,Aug,,,,,4,5,10,,,,,,,,,,,,,,,,,,,,,,,,,,,,,,,,,,,,,,,,,,ALL,"Ear, Head, Face, Neck, Shoulders, Arms, Back, Wrist, Range, Hands, Primary, Secondary, Finger, Chest, Legs, Feet, Waist",,,
Enchanted Werebone (Enchanted),Aug,,,,,8,10,20,,,,,,,,,,,,,,,,,,,,,,,,,,,,,,,,,,,,,,,,,,ALL,"Ear, Head, Face, Neck, Shoulders, Arms, Back, Wrist, Range, Hands, Primary, Secondary, Finger, Chest, Legs, Feet, Waist",,,
Enchanted Werebone (Legendary),Aug,,,,,8,10,20,,,,,,1,,,,,,,,,,,,,,,,,,,,,,,,,,,,,,,,,,,,ALL,"Ear, Head, Face, Neck, Shoulders, Arms, Back, Wrist, Range, Hands, Primary, Secondary, Finger, Chest, Legs, Feet, Waist",,,
Froglok Egg Capsule,Aug,,,,,,20,15,,,,,,,,,,,,,,,,,,,,,,,,,,,,,,,,,,,,,,,,,,ALL,"Ear, Head, Face, Neck, Shoulders, Arms, Back, Wrist, Hands, Finger, Chest, Legs, Feet, Waist",,,
Froglok Egg Capsule (Enchanted),Aug,,,,,,40,30,,,,,,,,,,,,,,,,,,,,,,,,,,,,,,,,,,,,,,,,,,ALL,"Ear, Head, Face, Neck, Shoulders, Arms, Back, Wrist, Hands, Finger, Chest, Legs, Feet, Waist",,,
Froglok Egg Capsule (Legendary),Aug,,,,,,40,30,,1,1,,,1,,,,,,,,,,,,,,,,,,,,,,1,,,,,,,,,,,,,,ALL,"Ear, Head, Face, Neck, Shoulders, Arms, Back, Wrist, Hands, Finger, Chest, Legs, Feet, Waist",,,
Polished Chunk of Rage,Aug,,,,,,,,,,,,,,,,,,,,,,,,,,,,,,,,,,,15,,,,,,,,,,,,,,ALL,"Ear, Head, Face, Neck, Shoulders, Arms, Back, Wrist, Range, Hands, Finger, Chest, Legs, Feet, Waist",,,
Polished Chunk of Rage (Enchanted),Aug,,,,,,,,,,,,,,,,,,,,,,,,,,,,,,,,,,,15,,,,,,,,,,,,,,ALL,"Ear, Head, Face, Neck, Shoulders, Arms, Back, Wrist, Range, Hands, Finger, Chest, Legs, Feet, Waist",,,
Polished Chunk of Rage (Legendary),Aug,,,,,,,,,,,,,,,,,,,,,,,,,,,,,,,,,,,15,,,,,,,,,,,,,,ALL,"Ear, Head, Face, Neck, Shoulders, Arms, Back, Wrist, Range, Hands, Finger, Chest, Legs, Feet, Waist",,,
Prismatic Scale of Affliction,Aug,,,,,5,60,60,,,,,,,,,4,,4,,4,,4,,4,,,,,,,,,,,,,,,2,2,,,,,,,,,ALL,"Head, Arms, Wrist, Hands, Chest, Legs, Feet",,,
Prismatic Scale of Affliction (Enchanted),Aug,,,,,10,120,120,,,,,,,,,8,,8,,8,,8,,8,,,,,,,,,,,,,,,3,3,,,,,,,,,ALL,"Head, Arms, Wrist, Hands, Chest, Legs, Feet",,,
Prismatic Scale of Affliction (Legendary),Aug,,,,,10,120,120,,1,1,1,1,1,1,1,8,2,8,2,8,2,8,2,8,2,,,,,,,,,,,,,,5,5,,,,,Burning Affliction IV,,,,ALL,"Head, Arms, Wrist, Hands, Chest, Legs, Feet",,,
Prismatic Scale of Blocking,Aug,,,,,5,60,60,,,,,,,,,4,,4,,4,,4,,4,,,,,,2,2,,,,,,,,,,,,,,,,,,ALL,"Head, Arms, Wrist, Hands, Chest, Legs, Feet",,,
Prismatic Scale of Blocking (Enchanted),Aug,,,,,10,120,120,,,,,,,,,8,,8,,8,,8,,8,,,,,,3,3,,,,,,,,,,,,,,,,,,ALL,"Head, Arms, Wrist, Hands, Chest, Legs, Feet",,,
Prismatic Scale of Blocking (Legendary),Aug,,,,,10,120,120,,1,1,1,1,1,1,1,8,2,8,2,8,2,8,2,8,2,,,,,5,5,,,,,,,,,,,,,,Improved Parry /  Block I,,,,ALL,"Head, Arms, Wrist, Hands, Chest, Legs, Feet",,,
Prismatic Scale of Cleaving,Aug,,,,,5,60,60,,,,,,,,,4,,4,,4,,4,,4,,,,,,,,,,,2,2,,,,,,,,,,,,,ALL,"Head, Arms, Wrist, Hands, Chest, Legs, Feet",,,
Prismatic Scale of Cleaving (Enchanted),Aug,,,,,10,120,120,,,,,,,,,8,,8,,8,,8,,8,,,,,,,,,,,3,3,,,,,,,,,,,,,ALL,"Head, Arms, Wrist, Hands, Chest, Legs, Feet",,,
Prismatic Scale of Cleaving (Legendary),Aug,,,,,10,120,120,,1,1,1,1,1,1,1,8,2,8,2,8,2,8,2,8,2,,,,,,,,,,5,5,,,,,,,,,Cleave I,,,,ALL,"Head, Arms, Wrist, Hands, Chest, Legs, Feet",,,
Prismatic Scale of Dodging,Aug,,,,,5,60,60,,,,,,,,,4,,4,,4,,4,,4,,,,,,2,2,,,,,,,,,,,,,,,,,,ALL,"Head, Arms, Wrist, Hands, Chest, Legs, Feet",,,
Prismatic Scale of Dodging (Enchanted),Aug,,,,,10,120,120,,,,,,,,,8,,8,,8,,8,,8,,,,,,3,3,,,,,,,,,,,,,,,,,,ALL,"Head, Arms, Wrist, Hands, Chest, Legs, Feet",,,
Prismatic Scale of Dodging (Legendary),Aug,,,,,10,120,120,,1,1,1,1,1,1,1,8,2,8,2,8,2,8,2,8,2,,,,,5,5,,,,,,,,,,,,,,Improved Dodge I,,,,ALL,"Head, Arms, Wrist, Hands, Chest, Legs, Feet",,,
Prismatic Scale of Enhancement,Aug,,,,,5,60,60,,,,,,,,,4,,4,,4,,4,,4,,,,,,,,,,,,,,,2,2,,,,,,,,,ALL,"Head, Arms, Wrist, Hands, Chest, Legs, Feet",,,
Prismatic Scale of Enhancement (Enchanted),Aug,,,,,10,120,120,,,,,,,,,8,,8,,8,,8,,8,,,,,,,,,,,,,,,3,3,,,,,,,,,ALL,"Head, Arms, Wrist, Hands, Chest, Legs, Feet",,,
Prismatic Scale of Enhancement (Legendary),Aug,,,,,10,120,120,,1,1,1,1,1,1,1,8,2,8,2,8,2,8,2,8,2,,,,,,,,,,,,,,5,5,,,,,Extended Enhancement IV,,,,ALL,"Head, Arms, Wrist, Hands, Chest, Legs, Feet",,,
Prismatic Scale of Faerune,Aug,,,,,5,60,60,,,,,,,,,4,,4,,4,,4,,4,,,,,,,2,,2,,,,,,,,,,,,,,,,ALL,"Head, Arms, Wrist, Hands, Chest, Legs, Feet",,,
Prismatic Scale of Faerune (Enchanted),Aug,,,,,10,120,120,,,,,,,,,8,,8,,8,,8,,8,,,,,,,3,,3,,,,,,,,,,,,,,,,ALL,"Head, Arms, Wrist, Hands, Chest, Legs, Feet",,,
Prismatic Scale of Faerune (Legendary),Aug,,,,,10,120,120,,1,1,1,1,1,1,1,8,2,8,2,8,2,8,2,8,2,,,,,,5,,5,,,,,,,,,,,,Faerune,,,,ALL,"Head, Arms, Wrist, Hands, Chest, Legs, Feet",,,
Prismatic Scale of Ferocity,Aug,,,,,5,60,60,,,,,,,,,4,,4,,4,,4,,4,,,,,,,,,,,2,2,,,,,,,,,,,,,ALL,"Head, Arms, Wrist, Hands, Chest, Legs, Feet",,,
Prismatic Scale of Ferocity (Enchanted),Aug,,,,,10,120,120,,,,,,,,,8,,8,,8,,8,,8,,,,,,,,,,,3,3,,,,,,,,,,,,,ALL,"Head, Arms, Wrist, Hands, Chest, Legs, Feet",,,
Prismatic Scale of Ferocity (Legendary),Aug,,,,,10,120,120,,1,1,1,1,1,1,1,8,2,8,2,8,2,8,2,8,2,,,,,,,,,,5,5,,,,,,,,,Ferocity I,,,,ALL,"Head, Arms, Wrist, Hands, Chest, Legs, Feet",,,
Prismatic Scale of Hastened Casting,Aug,,,,,5,60,60,,,,,,,,,4,,4,,4,,4,,4,,,,,,,,,,,,,,,2,2,,,,,,,,,ALL,"Head, Arms, Wrist, Hands, Chest, Legs, Feet",,,
Prismatic Scale of Hastened Casting (Enchanted),Aug,,,,,10,120,120,,,,,,,,,8,,8,,8,,8,,8,,,,,,,,,,,,,,,3,3,,,,,,,,,ALL,"Head, Arms, Wrist, Hands, Chest, Legs, Feet",,,
Prismatic Scale of Hastened Casting (Legendary),Aug,,,,,10,120,120,,1,1,1,1,1,1,1,8,2,8,2,8,2,8,2,8,2,,,,,,,,,,,,,,5,5,,,,,Spell Haste IV,,,,ALL,"Head, Arms, Wrist, Hands, Chest, Legs, Feet",,,
Prismatic Scale of Healing,Aug,,,,,5,60,60,,,,,,,,,4,,4,,4,,4,,4,,,,,,,,,,,,,,,4,,,,,,,,,,ALL,"Head, Arms, Wrist, Hands, Chest, Legs, Feet",,,
Prismatic Scale of Healing (Enchanted),Aug,,,,,10,120,120,,,,,,,,,8,,8,,8,,8,,8,,,,,,,,,,,,,,,8,,,,,,,,,,ALL,"Head, Arms, Wrist, Hands, Chest, Legs, Feet",,,
Prismatic Scale of Healing (Legendary),Aug,,,,,10,120,120,,1,1,1,1,1,1,1,8,2,8,2,8,2,8,2,8,2,,,,,,,,,,,,,,10,,,,,,Improved Healing IV,,,,ALL,"Head, Arms, Wrist, Hands, Chest, Legs, Feet",,,
Prismatic Scale of Magic,Aug,,,,,5,60,60,,,,,,,,,4,,4,,4,,4,,4,,,,,,,,,,,,,,,,4,,,,,,,,,ALL,"Head, Arms, Wrist, Hands, Chest, Legs, Feet",,,
Prismatic Scale of Magic (Enchanted),Aug,,,,,10,120,120,,,,,,,,,8,,8,,8,,8,,8,,,,,,,,,,,,,,,,8,,,,,,,,,ALL,"Head, Arms, Wrist, Hands, Chest, Legs, Feet",,,
Prismatic Scale of Magic (Legendary),Aug,,,,,10,120,120,,1,1,1,1,1,1,1,8,2,8,2,8,2,8,2,8,2,,,,,,,,,,,,,,,10,,,,,Improved Damage IV,,,,ALL,"Head, Arms, Wrist, Hands, Chest, Legs, Feet",,,
Prismatic Scale of Preservation,Aug,,,,,5,60,60,,,,,,,,,4,,4,,4,,4,,4,,,2,2,,,,,,,,,,,,,,,,,,,,,ALL,"Head, Arms, Wrist, Hands, Chest, Legs, Feet",,,
Prismatic Scale of Preservation (Enchanted),Aug,,,,,10,120,120,,,,,,,,,8,,8,,8,,8,,8,,,3,3,,,,,,,,,,,,,,,,,,,,,ALL,"Head, Arms, Wrist, Hands, Chest, Legs, Feet",,,
Prismatic Scale of Preservation (Legendary),Aug,,,,,10,120,120,,1,1,1,1,1,1,1,8,2,8,2,8,2,8,2,8,2,,4,4,,,,,,,,,,,,,,,,,Mana Preservation IV,,,,ALL,"Head, Arms, Wrist, Hands, Chest, Legs, Feet",,,
Prismatic Scale of Range,Aug,,,,,5,60,60,,,,,,,,,4,,4,,4,,4,,4,,,,,,,,,,,,,,,2,2,,,,,,,,,ALL,"Head, Arms, Wrist, Hands, Chest, Legs, Feet",,,
Prismatic Scale of Range (Enchanted),Aug,,,,,10,120,120,,,,,,,,,8,,8,,8,,8,,8,,,,,,,,,,,,,,,3,3,,,,,,,,,ALL,"Head, Arms, Wrist, Hands, Chest, Legs, Feet",,,
Prismatic Scale of Range (Legendary),Aug,,,,,10,120,120,,1,1,1,1,1,1,1,8,2,8,2,8,2,8,2,8,2,,,,,,,,,,,,,,5,5,,,,,Extended Range IV,,,,ALL,"Head, Arms, Wrist, Hands, Chest, Legs, Feet",,,
Prismatic Scale of Sharpshooting,Aug,,,,,5,60,60,,,,,,,,,4,,4,,4,,4,,4,,,,,,,,,,,2,2,,,,,,,,,,,,,ALL,"Head, Arms, Wrist, Hands, Chest, Legs, Feet",,,
Prismatic Scale of Sharpshooting (Enchanted),Aug,,,,,10,120,120,,,,,,,,,8,,8,,8,,8,,8,,,,,,,,,,,3,3,,,,,,,,,,,,,ALL,"Head, Arms, Wrist, Hands, Chest, Legs, Feet",,,
Prismatic Scale of Sharpshooting (Legendary),Aug,,,,,10,120,120,,1,1,1,1,1,1,1,8,2,8,2,8,2,8,2,8,2,,,,,,,,,,5,5,,,,,,,,,Sharpshooting IV,,,,ALL,"Head, Arms, Wrist, Hands, Chest, Legs, Feet",,,
Prismatic Scale of Summoning,Aug,,,,,5,60,60,,,,,,,,,4,,4,,4,,4,,4,,,,2,,,,,,,,,,2,,,,,,,,,,,ALL,"Head, Arms, Wrist, Hands, Chest, Legs, Feet",,,
Prismatic Scale of Summoning (Enchanted),Aug,,,,,10,120,120,,,,,,,,,8,,8,,8,,8,,8,,,,3,,,,,,,,,,3,,,,,,,,,,,ALL,"Head, Arms, Wrist, Hands, Chest, Legs, Feet",,,
Prismatic Scale of Summoning (Legendary),Aug,,,,,10,120,120,,1,1,1,1,1,1,1,8,2,8,2,8,2,8,2,8,2,,,4,,,,,,,,,,4,,,,,,,Summoner's Boon,,,,ALL,"Head, Arms, Wrist, Hands, Chest, Legs, Feet",,,
Prismatic Scale of Torment,Aug,,,,,5,60,60,,,,,,,,,4,,4,,4,,4,,4,,,,,,,,,,,,,,,2,2,,,,,,,,,ALL,"Head, Arms, Wrist, Hands, Chest, Legs, Feet",,,
Prismatic Scale of Torment (Enchanted),Aug,,,,,10,120,120,,,,,,,,,8,,8,,8,,8,,8,,,,,,,,,,,,,,,3,3,,,,,,,,,ALL,"Head, Arms, Wrist, Hands, Chest, Legs, Feet",,,
Prismatic Scale of Torment (Legendary),Aug,,,,,10,120,120,,1,1,1,1,1,1,1,8,2,8,2,8,2,8,2,8,2,,,,,,,,,,,,,,5,5,,,,,Extended Torment IV,,,,ALL,"Head, Arms, Wrist, Hands, Chest, Legs, Feet",,,
Rune of Abominable Rituals,Aug,,,,,,15,40,,,,,,,,,,,,,,,,,,,,,,,,,,,,,,,,,,,,,,,,,,ALL,"Ear, Head,  Face, Neck, Shoulders, Arms, Back, Wrist, Hands, Finger, Chest, Legs, Feet, Waist",,,
Rune of Abominable Rituals (Enchanted),Aug,,,,,,30,80,,,,,,,,,,,,,,,,,,,,,,,,,,,,,,,,2,2,,,,,,,,,ALL,"Ear, Head,  Face, Neck, Shoulders, Arms, Back, Wrist, Hands, Finger, Chest, Legs, Feet, Waist",,,
Rune of Abominable Rituals (Legendary),Aug,,,,,,30,80,,,,,,,,,,,,,,,,,,,,,,,,,,,,,,,,4,4,,,,,,,,,ALL,"Ear, Head,  Face, Neck, Shoulders, Arms, Back, Wrist, Hands, Finger, Chest, Legs, Feet, Waist",,,
Cape of Endless Torment,Back,,,,,50,340,350,,,,10,10,,13,8,,,70,18,70,18,,,,,,,12,,,,,,,13,13,,,40,40,,,,,Wrath of Ro,,,,"CLR, PAL, RNG, SHD, DRU, BRD, SHM, NEC, WIZ, MAG, ENC, BST",,,,
Celestial Cloak,Back,,,,,56,370,370,,11,,10,10,,11,13,70,18,,,,,,,70,18,,,,,,,,,,22,11,,,40,40,,,,,,Aura of Eternity (Cast Time 1.375) 5 HP/Mana Regen,,,ALL,,,,
Cloak of Ferocity,Back,,,,,50,290,290,,9,10,9,9,10,,,30,8,30,8,30,8,30,8,30,8,,,,,,,,,,20,,,,36,36,,,,,Fury of Druzzil,,,,ALL,,,,
Cloak of Retribution,Back,,,,,60,390,350,,,9,9,9,13,6,,,,,,40,10,40,10,40,10,,,,,,,,,,6,6,,,36,36,,,,,,Vengeful Guard (Cast Time 0.25) 20 Damage Shield,,,"WAR, PAL, RNG, SHD, MNK, BRD, ROG, BST, BER",,,,
Cloak of the Falling Skies,Back,,,,,40,310,370,,,10,8,,,8,10,,,,,,,70,18,70,18,,,,,,,,,10,8,8,,,,30,,,,,Preservation of Solusek,,,,"CLR, DRU, SHM, NEC, WIZ, MAG, ENC",,,,
Cloak of Wishes,Back,,,,,60,330,280,,9,,8,8,8,13,5,40,10,,,,,40,10,40,10,,,,,,,,,,22,13,,,30,30,,,,,Preservation of Xegony,,,,"WAR, PAL, RNG, SHD, MNK, BRD, ROG, BST, BER",,,,
Platinum Cloak of War,Back,,,,,80,370,370,,,10,,8,10,,8,,,70,18,,,,,70,18,,4,,,,,,,10,20,,,,30,15,,,,,,,,,"WAR, CLR, PAL, RNG, SHD, BRD, ROG, SHM, BER",,,,
Shroud of Eternity,Back,,,,,64,420,420,,,15,10,10,8,,10,36,9,36,9,36,9,36,9,36,9,,10,,,4,5,,,,5,,,,40,40,,,,,,,,,ALL,,,,
Fiery Crystal Guard,"Back, Secondary",,,,,100,330,300,,9,9,8,8,8,,,,,50,13,,,,,50,13,,4,,,,,,,,25,,,,30,30,,,,,,,,,"WAR, CLR, PAL, SHD, BRD",,,,
Intricate Wooden Figurine (BER),Charm,,,,,34,180,10,,8,5,,,5,8,,20,5,20,5,20,5,20,5,20,5,,,,,,,,,,15,8,,,,,,,,,,,,,BER,,,,
Intricate Wooden Figurine (BRD),Charm,,,,,40,180,160,,,8,5,,,5,8,20,5,20,5,20,5,20,5,20,5,,,,,,,,,,5,5,,,,20,,,,,,,,,BRD,,,,
Intricate Wooden Figurine (BST),Charm,,,,,28,180,160,,8,5,,5,8,,,20,5,20,5,20,5,20,5,20,5,,,,,,,,,,8,,,,20,10,,,,,,,,,BST,,,,
Intricate Wooden Figurine (CLR),Charm,,,,,40,160,200,,,8,,8,5,,8,20,5,20,5,20,5,20,5,20,5,,,,,,,,,,,,,,30,15,,,,,,,,,CLR,,,,
Intricate Wooden Figurine (DRU),Charm,,,,,28,160,200,,,5,,8,8,,5,20,5,20,5,20,5,20,5,20,5,,,,,,,,,,,,,,30,15,,,,,,,,,DRU,,,,
Intricate Wooden Figurine (ENC),Charm,,,,,24,160,200,,,5,8,,5,,8,20,5,20,5,20,5,20,5,20,5,,,,,,,,,,,,,,,30,,,,,,,,,ENC,,,,
Intricate Wooden Figurine (MAG),Charm,,,,,24,160,200,,,5,8,,5,8,,20,5,20,5,20,5,20,5,20,5,,,,,,,,,,8,8,,,,30,,,,,,,,,MAG,,,,
Intricate Wooden Figurine (MNK),Charm,,,,,28,180,10,,8,5,,,8,5,,20,5,20,5,20,5,20,5,20,5,,,,,,,,,,13,5,,,,,,,,,,,,,MNK,,,,
Intricate Wooden Figurine (NEC),Charm,,,,,24,160,200,,,5,8,,,5,8,20,5,20,5,20,5,20,5,20,5,,,,,,,,,,5,5,,,,30,,,,,,,,,NEC,,,,
Intricate Wooden Figurine (PAL),Charm,,,,,40,180,160,,8,8,,5,,5,,20,5,20,5,20,5,20,5,20,5,,,,,,,,,,13,5,,,20,10,,,,,,,,,PAL,,,,
Intricate Wooden Figurine (RNG),Charm,,,,,34,180,160,,,5,,5,5,8,,20,5,20,5,20,5,20,5,20,5,,,,,,,,,,8,8,,,20,10,,,,,,,,,RNG,,,,
Intricate Wooden Figurine (ROG),Charm,,,,,34,180,10,,8,5,,,5,8,,20,5,20,5,20,5,20,5,20,5,,,,,,,,,,15,8,,,,,,,,,,,,,ROG,,,,
Intricate Wooden Figurine (SHD),Charm,,,,,40,180,160,,8,8,5,,5,,,20,5,20,5,20,5,20,5,20,5,,,,,,,,,,8,,,,,20,,,,,,,,,SHD,,,,
Intricate Wooden Figurine (SHM),Charm,,,,,34,160,200,,5,5,,8,8,,,20,5,20,5,20,5,20,5,20,5,,,,,,,,,,5,,,,30,15,,,,,,,,,SHM,,,,
Intricate Wooden Figurine (WAR),Charm,,,,,50,200,10,,8,8,,,5,5,,20,5,20,5,20,5,20,5,20,5,,,,,,,,,,13,5,,,,,,,,,,,,,WAR,,,,
Intricate Wooden Figurine (WIZ),Charm,,,,,24,160,200,,,5,8,,8,5,,20,5,20,5,20,5,20,5,20,5,,,,,,,,,,5,5,,,,30,,,,,,,,,WIZ,,,,
Askr's Thunderous Chainmail,Chest,,,,,138,420,350,,,13,,13,15,15,,40,10,40,10,40,10,40,10,40,10,,,,,,,,,,15,30,,,50,24,,,,,"Skill Mod: Parry 8% (34 Max), Wrath of Ro",,,,RNG,,,,
Bidilis' Hauberk of the Elusive,Chest,,,,,138,420,10,,15,13,,,13,15,,40,10,40,10,40,10,40,10,40,10,,,,,,,,,,30,30,,,,,,,,,"Backstab 40, Skill Mod: Dodge 8% (36 Max)",,,,ROG,,,,
Dumul's Chestwraps of the Brute,Chest,,,,,90,420,350,,5,13,,13,15,10,,40,10,40,10,40,10,40,10,40,10,,,,,,,,,15,15,10,,,50,25,,,,,"Skill Mod: Block 8% (32 Max), Wrath of E`ci",,,,BST,,,,
Galladan's Stormwrath Tunic,Chest,,,,,138,420,10,,,13,,,15,15,8,40,10,40,10,40,10,40,10,40,10,,,,,,,,,,15,39,,,,,,,,,"Skill Mod: Dodge 8% (35 Max), Boiling Rage",,,,BER,,,,
Grimror's Guard of the Plagues,Chest,,,,,174,420,350,,13,15,13,,,15,,40,10,40,10,40,10,40,10,40,10,,,,,2,,,,,28,15,,,,50,,,,,"Skill Mod: Riposte 8% (30 Max), Fury of Bertoxxulous",,,,SHD,,,,
Kerasha's Sylvan Tunic,Chest,,,,,90,370,400,,10,13,,15,13,5,8,40,10,40,10,40,10,40,10,40,10,,,,,,,,,,15,5,,7,60,30,,,,,"Skill Mod: Specialize Alteration 8% (21 Max), Wrath of E`ci",,,,DRU,,,,
Maelin's Robe of Lore,Chest,,,,,70,370,400,,,13,15,,10,18,,40,10,40,10,40,10,40,10,40,10,,,,6,,,,,,18,18,,,,60,,,,,"Skill Mod: Specialize Evocation 8% (21 Max), Wrath of Ro",,,,WIZ,,,,
Magi`kot's Robe of Convergence,Chest,,,,,70,370,400,,13,15,15,,,13,,40,10,40,10,40,10,40,10,40,10,,,,6,,,,,,25,13,,,,60,,,,,"Skill Mod: Specialize Conjuration 8%, Wrath of Ro",,,,MAG,,,,
Miragul's Shroud of Risen Souls,Chest,,,,,70,370,400,,,15,15,,13,13,8,40,10,40,10,40,10,40,10,40,10,,,,6,,,,,,13,13,,,,60,,,,,"Skill Mod: Specialize Alteration 8% (21 Max), Vengeance of Eternity",,,,NEC,,,,
Raex's Chestplate of Destruction,Chest,,,,,200,500,10,,15,15,,,13,13,,40,10,40,10,40,10,40,10,40,10,,,,,3,,,,,28,13,,,,,,,,,"Skill Mod: Riposte 8% (30 Max), Echo of Anger",,,,WAR,,,,
Rizlona's Fiery Chestplate,Chest,,,,,174,420,350,,10,13,10,,5,15,10,40,10,40,10,40,10,40,10,40,10,,,,,,,,,,25,15,,7,,40,,,,,"Skill Mod: Parry 8% (34 Max), 50 Brass Resonance",,,,BRD,,,,
Romar's Robe of Visions,Chest,,,,,70,370,400,,,13,15,,18,10,10,40,10,40,10,40,10,40,10,40,10,,,,6,,,,,,10,10,,,,60,,,,,"Skill Mod: Specialize Conjuration 8% (21 Max), Chronoburn",,,,ENC,,,,
Rosrak's Hauberk of the Primal,Chest,,,,,138,370,400,,,15,,15,13,13,,40,10,40,10,40,10,40,10,40,10,,,,,,,,,,13,13,,7,60,30,,,,,"Skill Mod: Specialize Alteration 8% (21 Max), Chronoburn",,,,SHM,,,,
Ton Po's Chestwraps of Composure,Chest,,,,,90,420,10,,13,13,,,15,15,,40,10,40,10,40,10,40,10,40,10,,,,,,,,,15,28,15,,,,,,,,,"Flying Kick 15, Skill Mod: Block 8% (32 Max)",,,,MNK,,,,
Trydan's Chestplate of Nobility,Chest,,,,,174,420,350,,15,15,,13,,13,,40,10,40,10,40,10,40,10,40,10,,,,,2,,,,,28,13,,,50,25,,,,,"Skill Mod: Riposte 8% (30 Max), Marr's Blessing",,,,PAL,,,,
Ultor's Chestguard of Faith,Chest,,,,,174,370,400,,5,13,,15,10,13,8,40,10,40,10,40,10,40,10,40,10,,,,,,,,,,18,13,,7,60,30,,,,,"Skill Mod: Specialize Alteration 8% (21 Max), Marr's Blessing",,,,CLR,,,,
Earring of Celestial Energy,Ear,,,,,44,370,370,,8,,9,9,10,,10,30,8,30,8,30,8,30,8,30,8,,,,,,,,,,8,,,,36,36,,,,,,Form of Protection II (Cast Time 1.0) 20 All Resists,,,ALL,,,,
Earring of Corporeal Essence,Ear,,,,,50,360,330,60,,5,6,6,,13,8,,,60,15,,,60,15,,,,,,,,,,,,20,13,,,24,24,,,,,,,,,"WAR, PAL, RNG, SHD, MNK, BRD, ROG, BST, BER",,,,
Earring of Influxed Gravity,Ear,,,,,50,420,440,,,10,13,13,5,,13,,,60,15,,,50,13,50,13,,6,6,,,,,,,,,,,50,50,,,,,Druzzil's Range,,,,"CLR, DRU, SHM, NEC, WIZ, MAG, ENC",,,,
Earring of Temporal Solstice,Ear,,,,,40,330,360,,,8,13,,8,13,5,40,10,,,,,40,10,30,8,,,,,,,,,,13,13,,,,50,,,,,Conservation of Bertoxxulous,,,,"SHD, DRU, SHM, NEC, ENC, BST",,,,
Earring of Unseen Horrors,Ear,,,,,40,350,390,,,,10,10,9,,9,50,13,,,50,13,,,50,13,,,6,,,,,,,,,,4,40,40,,,,,Quickening of Mithaniel,,,,"CLR, DRU, SHM, NEC, WIZ, MAG, ENC",,,,
Earring of Xaoth Kor,Ear,,,,,40,320,310,,,8,,13,8,8,8,,,,,40,10,30,8,40,10,5,,,,,,,,,15,8,,,50,25,,,,,,,,,ALL,,,,
Hoop of the Enlightened,Ear,,,,,44,300,280,,,10,9,9,,9,,40,10,40,10,,,20,5,,,,,6,,,,,,,9,9,,,34,34,,,,,Druzzil's Distance,,,,ALL,,,,
Jade Hoop of Speed,Ear,,,,,40,320,310,62,10,10,10,10,,,,20,5,20,5,20,5,20,5,20,5,,,,,,,,,,10,,,,40,40,,,,,,,,,ALL,,,,
Signet of Might,Ear,,,,,50,290,260,,13,13,13,13,13,13,13,30,8,30,8,30,8,30,8,30,8,,6,,,,,,,,37,13,,,50,50,,,,,,,,,ALL,,,,
Signet of the Arcane,Ear,,,,,50,290,300,,13,13,13,13,13,13,13,30,8,30,8,30,8,30,8,30,8,,,6,,,,,,,25,15,,,50,50,,,,,Preservation of Xegony,,,,ALL,,,,
Silver Hoop of Speed,Ear,,,,,64,450,380,,13,,9,9,8,,10,60,15,,,50,13,50,13,,,15,,,,,,,,,13,,,,36,36,,,,,,Primal Guard (Cast Time 0.875) 5% Overhaste,,,"WAR, PAL, RNG, SHD, MNK, BRD, ROG, BST, BER",,,,
Faceguard of Frenzy,Face,,,,,120,340,290,,13,,8,8,10,8,,,,,,60,15,,,60,15,,,,,,,,,,32,8,,,30,30,,,,,Quickening of Mithaniel,,,,"WAR, CLR, PAL, SHD, BRD",,,,
Mask of Simplicity,Face,,,,,54,360,380,,,10,,13,10,13,8,50,13,50,13,50,13,,,,,,,6,,,,,,,13,13,,,50,25,,,,,Preservation of Mithaniel,,,,"CLR, DRU, SHM",,,,
Mask of Strategic Insight,Face,,,,,64,330,300,,10,9,8,8,10,,,24,6,24,6,24,6,24,6,24,6,,,,,,,,,,30,10,,,30,30,,,,,,,,,"WAR, PAL, RNG, SHD, MNK, BRD, ROG, BST, BER",,,,
Veil of Lost Hopes,Face,,,,,48,350,340,,,11,9,,10,9,,,,,,,,60,15,60,15,,,,,,,,,,9,9,,,,36,,,,,,Malosinia (Cast Time 1.5) Resist Debuff,,,MAG,,,,
Veil of the Inferno,Face,,,,,64,370,370,,10,,9,9,10,11,,30,8,30,8,30,8,30,8,30,8,,,,,,,,,,21,11,,,36,36,,,,,,Form of Endurance II (Cast Time 1.0) 180 Max HP,,,ALL,,,,
Veil of Warmth,Face,,,,,50,280,300,,,8,,13,,8,5,,,,,80,20,10,3,10,3,,,,,,,,,,8,8,,,50,25,,,,,Eterninostrum,,,,"CLR, DRU, SHM",,,,
Visor of the Berserker,Face,,,,,104,390,350,,8,10,9,9,8,,8,50,13,,,,,50,13,50,13,,,,,,,,,,39,,,,36,36,,,,,"Druzzil's Range, Singing Resonance 44",,,,"WAR, CLR, PAL, RNG, SHD, BRD, ROG, SHM, BER",,,,
Boots of Despair,Feet,,,,,110,380,360,,13,,10,10,10,,10,50,13,,,50,13,50,13,,,,,,,,,,,,32,,,5,40,40,,,,,Skill Mod: Taunt 10% (23 Max),,,,"WAR, CLR, PAL, SHD, BRD",,,,
Boots of Silent Dreams,Feet,,,,,40,150,150,,,,8,,,,5,14,4,14,4,14,4,14,4,14,4,,,,,,,,,,,,,,,,,,,,Insidious Dreams,,,,"CLR,  DRU, SHM, NEC, WIZ, MAG, ENC",,,,
Dumul's Boots of the Brute,Feet,,,,,42,290,260,,,10,,8,6,9,,,,30,8,30,8,,,30,8,,,,,,,,,,20,9,,,30,15,,,,,Mana Preservation IV,,,,BST,,,,
Galladan's Stormwrath Boots,Feet,,,,,80,290,10,,8,8,,,5,10,,30,8,,,30,8,,,30,8,,4,,,,,,,,24,10,,,,,,,,,,,,,BER,,,,
Maclaer's Boots of Silence,Feet,,,,,80,10,10,,8,8,,,,13,,20,5,20,5,20,5,20,5,20,5,,,,,,,,,,20,13,,,,,,,,,,,,,"WAR, CLR, PAL, RNG, SHD, BRD, ROG, SHM, BER",,,,
Rizlona's Fiery Boots,Feet,,,,,100,290,260,,9,7,8,,9,,4,30,8,,,30,8,30,8,,,,,,,,,,,,25,,,,,30,,,,,,,,,BRD,,,,
Sandals of Empowerment,Feet,,,,,38,360,380,,5,10,15,15,,,8,,,50,13,50,13,50,13,,,,,,,,,,,,5,,,5,60,60,,,,,Faerune,,,,"NEC, WIZ, MAG, ENC",,,,
Shoes of Fleeting Fury,Feet,,,,,50,350,340,,,10,10,10,,13,10,40,10,,,40,10,,,30,8,,,,4,,,,,,13,13,,,40,40,,,,,Faerune,,,,"DRU, MNK, BST",,,,
Winged Storm Boots,Feet,,,,,88,360,330,,13,,8,8,13,,10,,,40,10,,,40,10,30,8,,,,4,,,,,,13,,,,30,30,,,,,Faerune,,,,"RNG, ROG, SHM, BER",,,,
Band of Primordial Energy,Finger,,,,,70,370,370,,10,5,9,9,13,,8,,,,,,,60,15,60,15,,,,,,,,,,10,,,,36,36,,,,,,Form of Defense II (Cast Time 1.0) 53 AC,,,ALL,,,,
Band of Prismatic Focus,Finger,,,,,50,350,340,,9,13,9,9,,9,,20,5,20,5,20,5,20,5,20,5,10,,,,,,,,,20,9,,,34,34,,,,,,,,,ALL,,,,
Prismatic Ring of Resistance,Finger,,,,,60,420,420,,,13,10,10,,13,5,60,15,60,15,,,60,15,,,,,,6,,,,,,13,13,,,40,40,,,,,,Eternal Ward (Cast Time 1.0) 48 AC 15 All Resists,,,"WAR, CLR, PAL, RNG, SHD, DRU, MNK, BRD, ROG, SHM, BST, BER",,,,
Pulsing Onyx Ring,Finger,,,,,50,380,360,,9,,,11,8,9,8,,,30,8,70,18,,,30,8,,,6,,,,,,,18,9,,,44,22,,,,,Chronostrum,,,,ALL,,,,
Ring of Evasion,Finger,,,,,44,330,360,,,10,,13,9,,9,,,60,15,20,5,20,5,,,,,6,,,,,,10,,,,,50,25,,,,,,,,,"CLR, DRU, SHM, NEC, WIZ, MAG, ENC",,,,
Ring of Farsight,Finger,,,,,40,310,340,,,10,13,13,,8,,30,8,30,8,,,30,8,,,,6,6,,,,,,,8,8,,,50,50,,,,,"Focus of Distance, String Resonance 40",,,,ALL,,,,
Ring of Thunderous Forces,Finger,,,,,48,340,400,,,10,13,13,13,,8,50,13,40,10,40,10,,,,,,,6,,,,,,,,,,,50,50,,,,,Wrath of Druzzil,,,,"CLR, PAL, SHD, NEC, WIZ, MAG, ENC",,,,
Timestone Adorned Ring,Finger,,,,,64,390,350,,8,5,8,8,,10,13,40,10,,,40,10,50,13,,,,,,,,,,,,18,10,5,,30,30,,,,,,Soul Claw (Cast Time 0.75) Add Mana Drain Proc,,,"WAR, PAL, RNG, SHD, MNK, BRD, ROG, BST, BER",,,,
Tiny Jade Ring,Finger,,,,,36,280,300,,,9,8,8,10,,,30,8,30,8,,,30,8,,,,,,,,,,,,,,,,30,30,,,,,Arcane Conservation,,,,"CLR, DRU, SHM, NEC, WIZ, MAG, ENC",,,,
Do`Vassir's Gauntlets of Might,Hands,,,,,80,200,200,,10,8,8,8,8,8,8,20,5,20,5,20,5,20,5,20,5,,,,,,,,,,18,8,,,30,30,,,,,,,,,"WAR, CLR, PAL, RNG, SHD, DRU, MNK, BRD, ROG, SHM, BST, BER",,,,
Dumul's Gloves of the Brute,Hands,,,,,42,290,260,,11,6,,7,13,,,,,50,13,,,50,13,,,,6,,,,,,,,36,,,,26,13,,,,,,,,,BST,,,,
Galladan's Stormwrath Gloves,Hands,,,,,80,290,10,,,6,,,10,13,5,50,13,,,,,50,13,,,,6,,,,,,,,30,13,,,,,,,,,,,,,BER,,,,
Gauntlets of Disruption,Hands,,,,,108,300,280,,,,10,10,8,10,8,30,8,30,8,30,8,30,8,30,8,,6,,,,,,,,30,10,5,,40,40,,,,,,,,,"WAR, CLR, PAL, SHD, BRD",,,,
Gauntlets of View,Hands,,,,,70,200,100,,4,3,5,5,,,,16,4,16,4,16,4,16,4,16,4,,,,,,,,,,4,,,,20,20,,,,,Truesight,,,,"WAR, CLR, PAL, SHD, BRD",,,,
Gloves of Airy Mists,Hands,,,,,90,390,350,,8,5,10,10,9,,8,30,8,30,8,30,8,30,8,30,8,,6,,,,,,,,34,,10,,40,40,,,,,,,,,"WAR, CLR, PAL, RNG, SHD, BRD, ROG, SHM, BER",,,,
Gloves of the Unseen,Hands,,,,,44,320,370,,,11,13,,9,,5,40,10,40,10,,,40,10,,,,,,4,,,,,,,,,,,50,,,,,Conservation of Xegony,,,,"NEC, WIZ, MAG, ENC",,,,
Padded Tigerskin Gloves,Hands,,,,,48,380,360,,8,,,10,10,,8,30,8,30,8,30,8,,,20,5,,10,,,,,,,,29,,10,,40,20,,,,,,,,,"WAR, CLR, PAL, RNG, SHD, DRU, MNK, BRD, ROG, SHM, BST, BER",,,,
Rizlona's Fiery Gauntlets,Hands,,,,,100,290,260,,6,5,5,,11,8,3,,,,,50,13,,,50,13,,6,,,,,,,,33,8,,,,20,,,,,,,,,BRD,,,,
Cap of Flowing Time,Head,,,,,54,350,340,,,,10,10,8,10,8,40,10,,,40,10,,,40,10,,,,,,,,,,20,10,,,40,40,,,,,,,,,"WAR, CLR, PAL, RNG, SHD, DRU, MNK, BRD, ROG, SHM, BST, BER",,,,
Circlet of Flowing Time,Head,,,,,46,330,360,,7,7,13,,13,,4,30,8,,,30,8,30,8,30,8,,,,,,,,,,7,,,,,50,,,,,Wrath of Druzzil,,,,"NEC, WIZ, MAG, ENC",,,,
Coif of Flowing Time,Head,,,,,86,350,340,60,8,5,,9,,9,10,,,30,8,30,8,30,8,30,8,,,,,,,,,,24,9,,,36,18,,,,,,,,,"WAR, CLR, PAL, RNG, SHD, BRD, ROG, SHM, BER",,,,
Dumul's Cap of the Brute,Head,,,,,44,290,260,,8,5,,8,9,6,,10,3,10,3,60,15,10,3,10,3,,,,,,,,,,14,6,,,30,15,,,,,Faerune,,,,BST,,,,
Galladan's Stormwrath Coif,Head,,,,,80,290,10,,6,8,,,6,9,,10,3,60,15,10,3,10,3,10,3,,,,,,,,,,15,9,,,,,,,,,Faerune,,,,BER,,,,
Helm of Flowing Time,Head,,,,,114,370,320,60,10,10,9,9,9,,4,30,8,30,8,,,30,8,30,8,,,,,,,,,,25,,,,36,36,,,,,,,,,"WAR, CLR, PAL, SHD, BRD",,,,
Rizlona's Fiery Helm,Head,,,,,108,290,260,,8,8,6,,,9,5,10,3,10,3,,,40,10,40,10,,,,,,,,,,17,9,,,,24,,,,,Faerune,,,,BRD,,,,
Glowing Chains,"Head, Neck, Waist",,,,,50,290,290,,8,8,8,8,,,8,24,6,24,6,24,6,24,6,24,6,,6,6,,,,,,,8,,,,30,30,,,,,,,,,ALL,,,,
Dumul's Leggings of the Brute,Legs,,,,,58,310,280,,,8,,9,9,10,,10,3,60,15,10,3,60,15,10,3,,8,,,,,,,,40,10,,,36,18,,,,,,,,,BST,,,,
Ethereal Silk Leggings,Legs,,,,,64,440,450,,,13,13,,,15,8,60,15,,,,,60,15,60,15,,20,,,,,,,20,15,15,,5,,50,,,,,Quickening of Druzzil,,,,"NEC, WIZ, MAG, ENC",,,,
Galladan's Stormwrath Leggings,Legs,,,,,100,310,10,,9,8,,,,10,,60,15,10,3,60,15,10,3,10,3,,8,,,,,,,,45,10,,,,,,,,,,,,,BER,,,,
Greaves of Furious Might,Legs,,,,,138,420,350,,15,10,11,11,10,,5,30,8,30,8,30,8,30,8,30,8,,4,,,4,,,,,28,,,,44,44,,,,,,,,,"WAR, CLR, PAL, SHD, BRD",,,,
Leggings of Furious Might,Legs,,,,,108,400,370,,10,15,11,11,10,,5,30,8,30,8,30,8,30,8,30,8,,4,,,2,,,,10,25,,,,44,44,,,,,,,,,"RNG, ROG, SHM, BER",,,,
Pants of Furious Might,Legs,,,,,76,400,370,,15,5,9,9,13,,8,30,8,30,8,30,8,30,8,30,8,,4,,,,,,,25,28,,,,36,36,,,,,,,,,"DRU, MNK, BST",,,,
Rizlona's Fiery Greaves,Legs,,,,,126,310,280,,10,8,8,,10,,5,60,15,10,3,60,15,10,3,10,3,,8,,,,,,,,45,,,,,30,,,,,,,,,BRD,,,,
Amulet of Crystal Dreams,Neck,,,,,60,360,330,,,,10,10,8,9,8,50,13,60,15,,,60,15,,,,,10,,,,,,,25,9,,,40,40,,,,,"Quickening of Mithaniel, String Resonance 44",,,,"WAR, PAL, RNG, SHD, MNK, BRD, ROG, BST, BER",,,,
Collar of Catastrophe,Neck,,,,,70,370,370,,10,8,8,8,,13,,20,5,20,5,100,25,20,5,20,5,,,,,2,,,,,35,13,,,30,30,,,,,,,,,"WAR, PAL, RNG, SHD, MNK, BRD, ROG, BST, BER",,,,
Necklace of Celestial Energy,Neck,,,,,44,310,300,,9,10,10,10,,9,,70,18,16,4,16,4,16,4,16,4,,10,10,,,,,,,18,9,,,40,40,,,,,,,,,ALL,,,,
Necklace of Eternal Visions,Neck,,,,,90,380,360,,,10,9,9,,10,13,30,8,30,8,30,8,30,8,30,8,,,,,2,,,,,10,10,,,36,36,,,,,Preservation of Mithaniel,,,,"WAR, CLR, PAL, SHD, BRD",,,,
Talisman of Tainted Energy,Neck,,,,,40,320,370,,5,8,10,,8,,5,20,5,80,20,20,5,20,5,20,5,,10,,,,,,,,5,,,,,40,,,,,Preservation of Solusek,,,,ALL,,,,
Talisman of the Elements,Neck,,,,,60,440,400,,,,10,10,9,9,10,60,15,60,15,60,15,,,,,,10,,,,,,,,50,9,,,40,40,,,,,Conservation of Xegony,,,,ALL,,,,
Cudgel of Venomous Hatred,Primary,,90,28,1HB,50,370,320,,,8,13,,10,10,,36,9,36,9,36,9,,,,,,,,,,,,,,10,10,5,,,50,,,,,,Sympathetic Strike VII,"Dark SIphon (150 Damage Tap, Unresistable)",20,SHD,,,,
Darkblade of the Warlord,Primary,,76,35,1HS,90,450,,,10,13,,,8,,8,,,40,10,40,10,30,8,,,,,,,,,,,,10,,5,,,,,,,,,,"Anger (100 Damage, Stun, Increase Hate, -400 Magic)",50,WAR,,,,
Edge of Eternity,"Primary, Secondary",,40,20,1HS,40,360,330,,10,,5,5,9,13,,,,36,9,36,9,,,36,9,,,,,,,,,,23,13,,,20,20,,,,,Percussion Resonance 50,,"Time Snap (150 Damage, Stun, -100 Magic)",20,"WAR, RNG, BRD, ROG",,,,
Greatblade of Chaos,Primary,,122,33,2HS,110,500,500,,10,15,15,15,,10,,,,60,15,,,60,15,60,15,,,,,,,,,,20,10,,,60,60,,,,,,,"Tendrils of Fire (250 Damage, -350 Fire)",,"PAL, SHD, BER",,,,
Greatstaff of Power,Primary,,115,30,2HB,80,600,600,,,20,20,20,,18,15,,,100,25,100,25,,,,,,,,,,,,,,18,18,,,80,80,,,,,Fury of Solusek,Sympathetic Strike VIII (Cast Time 1.0),Blessing of Twilight (Restore Mana),250,"CLR, DRU, SHM, NEC, WIZ, MAG, ENC",,,,
Hammer of Holy Vengeance,Primary,,50,25,1HB,40,350,350,,,9,,10,,13,10,40,10,40,10,40,10,40,10,40,10,,,,,,,,,,13,13,,,40,20,,,,,,Sympathetic Healing VIII,"Hand of Retribution (109 Damage, Unresistable)",550,CLR,,,,
Hammer of Hours,Primary,,60,30,1HB,30,330,360,,,8,,10,13,,8,36,9,36,9,36,9,,,,,,,,,,,,,,,,,,40,20,,,,,Timeburn,Sympathetic Strike VIII,"Time Lapse (750 Damage, -250 Magic)",20,"CLR, DRU, SHM",,,,
Hopebringer,Primary,,82,25,1HS,50,370,320,,8,10,,10,13,,,50,13,,,50,13,,,,,,,,,,,,,,8,,5,,40,20,,,,,,Sympathetic Healing VII,"Light of Marr (1 Damage, Group Heal, -1000 Magic)",20,PAL,,,,
Serpent of Vindication,Primary,,42,25,1HB,30,320,370,,,9,10,,10,,8,,,,,36,9,36,9,36,9,,,,,,,,,,,,,,,40,,,,,,Forlorn Deeds (Cast Time 1.0) 70% Slow,,,ENC,,,,
Staff of Transcendence,Primary,,125,30,2HB,80,500,500,,15,15,,13,,13,,60,15,,,,,60,15,60,15,,,,,,,,,,30,15,,,50,25,,,,,,,"Time Rend (200 Damage, Stun, -200 Magic)",70,"MNK, BST",,,,
Timeless Coral Greatsword,Primary,,129,36,2HS,60,400,400,,13,8,9,9,5,,,,,60,15,,,,,60,15,,,,,,,,,,13,,,,36,36,,,,,,,Invigorate (115 Heal),70,"WAR, PAL, RNG, SHD, BER",,,,
Time's Antithesis,Primary,,56,23,1HP,30,350,340,,,10,,10,8,,10,,,36,9,36,9,,,36,9,,,,,,,,,,,,,,40,20,,,,,,Turgur's Insects (Cast Time 1.0) 75% Slow,,,SHM,,,,
"Vanazir, Dreamer's Despair",Primary,,138,38,2HB,80,460,460,,,15,13,13,,15,,60,15,,,60,15,60,15,,,,,,,,,,,,15,15,,,50,50,,,,,,,"Nightmares (100 Damage, AC Debuff, -50 Magic)",70,"WAR, PAL, RNG, SHD, MNK, BST, BER",,,,
Wand of Impenetrable Force,Primary,,44,27,1HB,,350,350,,,11,12,,,9,5,50,13,50,13,,,50,13,,,,,,,,,,,,9,9,,,,46,,,,,,"Force Shield (Cast Time 1.5) 750 Absorb, 2 Mana Regen",,,"NEC, WIZ",,,,
Wand of Temporal Power,Primary,,60,30,1HB,30,330,360,,,10,10,,,10,,36,9,36,9,36,9,,,,,,,,,,,,,,10,10,,,,40,,,,,Timeburn,,"Time Lapse (750 Damage, -250 Magic)",20,"NEC, WIZ, MAG, ENC",,,,
Dagger of Distraction,"Primary, Secondary",,36 + 6Cold,20,1HP,30,320,290,,,10,10,,,10,,,,36,9,36,9,36,9,,,,,,,,,,,,10,10,,,,40,,,,,,,"Confusing Whisper (Decrease Hate, -30 Poison)",20,"WAR, RNG, BRD, ROG, BST",,,,
Ethereal Destroyer,"Primary, Secondary",,32,22,1HB,40,330,300,,10,10,,,13,,,,,,,50,13,50,13,,,,,,,,,,,,10,,,,,,,,,,,,"Time Lapse (750 Damage, -250 Magic)",5,"WAR, RNG, MNK, BRD, ROG, BST",,,,
Gharn's Rock of Smashing,"Primary, Secondary",,32,19,H2H,,200,,,4,13,,,4,4,,20,5,20,5,20,5,14,4,14,4,,,,,,,,,,7,4,,,,,,,,,,,"Strike of the Chosen (80 Damage Tap, Unresistable)",20,"MNK, BST",,,,
Hammer of the Timeweaver,"Primary, Secondary",,52,24,1HB,50,440,400,,13,10,8,8,,10,8,24,6,24,6,24,6,24,6,24,6,,,,,,,,,,23,10,,,30,30,,,,,,,Call of Time (Swarm Pet),20,"WAR, RNG, MNK, BRD, ROG, BST",,,,
Jagged Timeforged Blade,"Primary, Secondary",,40,19,1HP,40,380,,,13,10,,,,8,8,50,13,,,50,13,,,,,,,,,,,,,,20,13,,,,,,,12%,,,,"Assassin's Blood (150 Damage, Debuff Dex, -200 Poison)",20,ROG,,,,
Mace of the Ancients,"Primary, Secondary",,44,23,1HB,30,320,310,,9,,,8,,13,,20,5,20,5,20,5,,,,,,,,,,,,,,22,13,,,30,15,,,,,,,Ancient Call (Swarm Pet),20,"WAR, CLR, PAL, RNG, SHD, DRU, MNK, BRD, ROG, SHM, NEC, WIZ, MAG, ENC, BST",,,,
Shinai of the Ancients,"Primary, Secondary",,46,20,H2H,40,360,330,,10,,,10,,10,10,40,10,30,8,,,,,30,8,,,,,,,,,5,20,10,,,40,20,,,,,,,"Frost Claw (150 Damage, ATK Debuff, -200 Cold)",20,"MNK, BST",,,,
Songblade of the Eternal,"Primary, Secondary",,44,20,1HS,56,380,360,,,,8,,13,10,10,30,8,,,40,10,,,40,10,,,,,,,,,,10,10,,,,30,,,,,Singing Resonance 50,"Symphony of Battle (Cast Time 0.75) Haste, 50 STR, 50 ATK",,,BRD,,,,
"Timespinner, Blade of the Hunter","Primary, Secondary",,46,22,1HS,40,380,380,,13,9,,10,,9,8,30,8,40,10,40,10,,,,,,,,,,,,,,22,14,,,40,20,,,,,Sharpshooting V,,Call of the Tempest (Swarm Pet),,RNG,,,,
Bow of the Tempest,Range,,86,36,Bow,60,360,330,,15,13,8,8,,15,,30,8,30,8,30,8,30,8,30,8,,6,,,,,,,,38,15,,,30,30,,,,,Skill Mod: Archery 5% (20 Max),,,,"WAR, PAL, RNG, SHD, ROG",,,,
Eye of Dreams,Range,,,,,50,370,370,,15,,8,8,,5,10,40,10,,,,,40,10,40,10,,,,,,,,,,20,5,,,30,30,,,,,,Maelin's Meditation (Cast Time 1.0) 400 Max Mana,,,ALL,,,,
Globe of Mystical Protection,Range,,,,,50,350,340,,,9,9,9,,10,6,,,60,15,,,60,15,,,,6,6,,,,,,10,10,10,,,36,36,,,,,,,,,ALL,,,,
Orb of Clinging Death,Range,,,,,46,330,360,,,10,,10,10,,8,30,8,30,8,30,8,30,8,,,,,,,,,,,,,,,,40,20,,,,,,Swarming Death (Cast Time 2.0) Magic DoT,,,DRU,,,,
Serrated Dart of Energy,Range,,,,,64,390,350,,,5,8,8,8,10,5,,,40,10,,,40,10,40,10,,,,,,,,,,10,10,,,30,30,,,,,,Savage Guard (Cast Time 0.25) 25 ATK,,,"WAR, PAL, RNG, SHD, MNK, BRD, ROG, BST, BER",,,,
Spool of Woven Time,Range,,,,,56,420,420,,,13,10,10,8,,10,30,8,30,8,30,8,30,8,30,8,,,10,,,,,,,25,,,,40,40,,,,,Fury of Solusek,,,,ALL,,,,
Stone of Flowing Time,Range,,,,,70,440,380,,8,,8,8,10,8,8,,,50,13,50,13,,,50,13,,20,,,,,,,,54,8,,,30,30,,,,,,,,,"WAR, CLR, PAL, RNG, SHD, DRU, MNK, BRD, ROG, SHM, BST, BER",,,,
Symbol of Ancient Summoning,Range,,,,,44,350,390,,8,13,,10,,,,,,40,10,40,10,40,10,,,,,,,,,,,,8,,,,40,20,,,,,Minion of Eternity,Tiny Companion (Cast Time 0.75) Shrink Pet,,,"NEC, MAG, BST",,,,
Symbol of the Planemasters,Range,,,,,50,340,350,,8,,8,8,8,,10,40,10,,,,,40,10,40,10,,,,,,,,,,8,,,5,30,30,,,,,Vengeance of Eternity,Pestilence Shock (Cast Time 0.75) Add 75 Damage Proc,,,ALL,,,,
Shuriken of Eternity,"Range, Ammo",,60,15,Throwing,56,370,330,,5,,,,5,,5,30,4,30,4,30,4,30,4,30,4,,,,,,,,,,118,,,,,,,,,,,,,,"WAR, MNK, BRD, ROG, BST, BER",,,,
Ossein of Limitless Time,"Range, Primary",,,,,30,290,320,,,8,13,,10,,,30,8,30,8,30,8,30,8,30,8,,,,,,,,,,,,,,,50,,,,,,Embracing Darkness (Cast Time 1.0) Snare and DoT,,,NEC,,,,
Time Traveler's Abandoned Notebook,"Range, Primary",,,,,30,290,320,,,8,13,,,10,,30,8,30,8,30,8,30,8,30,8,,,,,,,,,,10,10,,,,50,,,,,,Translocate (Cast Time 2.0) Teleport to Bind,,,WIZ,,,,
Barrier of Freezing Winds,Secondary,,,,,120,360,360,,,10,11,11,,10,10,,,60,15,60,15,30,8,,,,14,,,,,,,,10,10,,,44,44,,,,,Wrath of E`ci,,,,"DRU, SHM, NEC, WIZ, MAG, ENC",,,,
Shield of Strife,Secondary,,,,,170,390,350,,13,13,10,10,,,,30,8,,,,,60,15,60,15,,,,,3,,,,,13,,,,40,40,,,,,Furious Bash VII,,,,"WAR, PAL, SHD",,,,
Shield of the Vortex,Secondary,,,,,110,290,300,,,,10,10,10,8,10,36,9,36,9,36,9,,,,,,,,,,,,,,8,8,,,40,40,,,,,Fury of E`ci,Sympathetic Healing VIII,,,"CLR, DRU, SHM, NEC, WIZ, MAG, ENC",,,,
Tactician's Shield,Secondary,,,,,130,360,330,,9,,9,9,13,,8,40,10,,,40,10,,,40,10,,,,5,,,,,,9,,,,36,36,,,,,,,,,ALL,,,,
Whorl of Unnatural Forces,Secondary,,,,,160,440,380,,,,,13,15,10,5,50,13,,,50,13,50,13,,,,20,10,,,,,,,10,10,,5,50,25,,,,,Marr's Blessing,Sympathetic Healing VIII (Cast Time 1.0),,,"CLR, DRU, SHM",,,,
Mantle of Pure Spirit,Shoulders,,,,,50,340,400,,,10,,13,,10,8,50,13,,,,,50,13,20,5,,,,,,,,,,10,10,,,50,25,,,,,Marr's Blessing,,,,"WAR, CLR, PAL, SHD, BRD",,,,
Drape of the Unending,Shoulders,,,,,50,280,310,,,6,,10,,10,4,,,40,10,40,10,,,40,10,,,,,,,,,,10,10,,,40,20,,,,,Eterninostrum,,,,"CLR, DRU, SHM",,,,
Mantle of Deadly Precision,Shoulders,,,,,56,350,340,,,6,9,9,,13,9,,,50,13,,,50,13,,,,,,,,,,,,20,28,,,34,34,,,,,,,,,"WAR, PAL, RNG, SHD, MNK, BRD, ROG, BST, BER",,,,
Pauldrons of Devastation,Shoulders,,,,,90,390,350,,8,,9,9,6,6,8,24,6,24,6,24,6,24,6,24,6,,,,,,,,,,29,6,,,34,34,,,,,,,,,"WAR, CLR, PAL, SHD, BRD",,,,
Pauldrons of Purity,Shoulders,,,,,40,300,330,,,9,10,,,9,5,,,24,6,24,6,24,6,24,6,,,6,,,,,,,9,9,,,,40,,,,,Timeburn,,,,"NEC, WIZ, MAG, ENC",,,,
Shawl of Eternal Forces,Shoulders,,,,,50,420,420,,,10,13,13,,10,15,,,50,13,,,50,13,50,13,15,,,,,,,,,10,10,,,50,50,,,,,,Maelin's Methodical Mind (Cast Time 1.375) 8 Mana Regen,,,"CLR, DRU, SHM, NEC, WIZ, MAG, ENC",,,,
Shroud of Provocation,Shoulders,,,,,60,340,350,,,8,10,10,13,8,,,,,,50,13,,,50,13,,,,,,,,,,20,8,,,40,40,,,,,"Quickening of Solusek, Wind Resonance 44",,,,"PAL, RNG, SHD, BRD, BST",,,,
Shroud of Survival,Shoulders,,,,,66,380,360,69,,10,5,5,9,,10,,,,,50,13,,,50,13,,,,,,,,,,,8,,,20,20,,,,,,,,,"WAR, PAL, RNG, SHD, MNK, BRD, ROG, BST, BER",,,,
Belt of Temporal Bindings,Waist,,,,,50,370,370,,10,9,8,8,,10,5,40,10,40,10,40,10,,,,,,16,,5,,,,,,20,10,,,30,30,,,,,,,,,ALL,,,,
Belt of Tidal Energy,Waist,,,,,50,370,370,,,,9,9,15,5,5,40,10,,,,,40,10,40,10,,,,,,,,,,5,5,,,34,34,,,,,,Form of Rejuvenation (Cast Time 1.0) 8 HP Regen,,,ALL,,,,
Cord of Invigoration,Waist,,,,,50,330,300,,9,8,8,8,,10,,50,13,,,50,13,,,,,,20,,,,,,,,19,10,,,30,30,,,,,,,,,ALL,,,,
Cord of Potential,Waist,,,,,50,320,370,,10,10,13,13,8,,5,,,,,,,50,13,50,13,,6,6,,,,,,,10,,,,50,50,,,,,Quickening of Solusek,,,,"CLR, DRU, SHM, NEC, WIZ, MAG, ENC",,,,
Cord of Temporal Weavings,Waist,,,,,60,440,380,68,10,10,9,9,13,,,50,13,,,50,13,50,13,,,,,,,,,,,,40,,10,,36,36,,,,,,,,,"WAR, PAL, RNG, SHD, MNK, BRD, ROG, BST, BER",,,,
Girdle of Intense Durability,Waist,,,,,86,350,340,,,9,8,8,10,,8,30,8,30,8,30,8,,,,,,,,,,,,,,,,,,30,30,,,,,,Shield of Torment (Cast Time 1.25) 15 Damage Shield,,,"WAR, CLR, PAL, SHD, BRD",,,,
Girdle of Restoration,Waist,,,,,56,290,280,,,8,8,8,,8,10,24,6,24,6,24,6,24,6,24,6,,10,,,,,,,,25,8,,,30,30,,,,,,,,,"WAR, PAL, RNG, SHD, MNK, BRD, ROG, BST, BER",,,,
Girdle of Stability,Waist,,,,,76,380,360,,8,10,9,9,10,,,,,40,10,40,10,40,10,,,,6,,,,,,,,34,,,5,36,36,,,,,,,,,"WAR, CLR, PAL, RNG, SHD, BRD, ROG, SHM, BER",,,,
Runewarded Belt,Waist,,,,,56,360,330,,9,8,,8,,6,5,30,8,,,,,30,8,30,8,,6,,,,,,,,35,6,,,30,15,,,,,,,,,"WAR, RNG, MNK, BST",,,,
Bracer of Precision,Wrist,,,,,48,360,330,,10,5,,9,,8,5,36,9,,,36,9,36,9,,,,,,,,,,,,25,8,,5,36,18,,,,,Wrath of E`ci,,,,"WAR, CLR, PAL, RNG, SHD, DRU, MNK, BRD, ROG, SHM, BST, BER",,,,
Bracer of the Inferno,Wrist,,,,,80,420,400,,10,,,9,8,10,8,30,8,30,8,30,8,30,8,30,8,,10,,,,,,,,20,25,,4,36,18,,,,,Quickening of Druzzil,,,,"RNG, ROG, SHM, BER",,,,
Bracer of Timeless Rage,Wrist,,,,,36,330,360,,6,10,12,12,,6,8,36,9,36,9,,,,,36,9,,4,,,,,,,,23,6,,,48,48,,,,,Quickening of Solusek,,,,"DRU, MNK, NEC, WIZ, MAG, ENC, BST",,,,
Dumul's Bracer of the Brute,Wrist,,,,,40,270,260,,9,6,,5,9,,,30,8,,,,,30,8,30,8,,,,,,,,,,20,,,,20,10,,,,,,,,,BST,,,,
Earthen Bracer of Fortitude,Wrist,,,,,100,420,400,,8,,9,9,10,10,8,30,8,30,8,30,8,30,8,30,8,,10,,,2,,,,,18,10,,4,36,36,,,,,"Quickening of Druzzil, String Resonance 48",,,,"WAR, CLR, PAL, SHD, BRD",,,,
Galladan's Stormwrath Bracer,Wrist,,,,,62,270,10,,6,6,,,3,8,,,,30,8,,,30,8,30,8,,,,,,,,,,18,8,,,,,,,,,,,,,BER,,,,
Rizlona's Fiery Bracer,Wrist,,,,,84,270,260,,8,6,5,,,8,3,30,8,30,8,,,,,30,8,,,,,,,,,,19,8,,,,20,,,,,,,,,BRD,,,,
Wristband of Echoed Thoughts,Wrist,,,,,70,380,360,,,,,9,8,10,9,,,40,10,40,10,40,10,,,,,10,,,,,,,25,10,,,36,18,,,,,,,,,"WAR, CLR, PAL, RNG, SHD, BRD, ROG, SHM, BER",,,,
Wristband of Icy Vengeance,Wrist,,,,,60,420,400,,10,9,,9,13,,5,30,8,30,8,30,8,30,8,30,8,,10,,,,,,,15,10,15,,,36,18,,,,,Quickening of Druzzil,,,,"DRU, MNK, BST",,,,
Zealot's Spiked Bracer,Wrist,,,,,40,350,390,,8,,9,9,10,,9,,,40,10,40,10,,,40,10,,6,6,,,,,,,8,,,,,36,,,,,Druzzil's Range,,,,"NEC, WIZ, MAG, ENC",,,,
Maelin's Sleeves of Lore,Arms,,,,,40,270,280,,,6,10,,9,11,,40,10,40,10,20,5,20,5,,,,,,,,,,,,11,11,,,,40,,,,,Preservation of Xegony,,,,WIZ,,,,
Maelin's Skullcap of Lore,Head,,,,,32,270,280,,5,6,10,,4,10,,10,3,60,15,10,3,10,3,10,3,,,,,,,,,,15,10,,,,40,,,,,Faerune,,,,WIZ,,,,
Maelin's Shoes of Lore,Feet,,,,,34,280,270,,6,8,10,,,9,,30,8,,,30,8,,,30,8,,,,,,,,,,15,9,,,,40,,,,,Speeding Thought,,,,WIZ,,,,
Maelin's Leggings of Lore,Legs,,,,,48,290,300,,,5,12,,10,9,,10,3,10,3,10,3,60,15,60,15,,,,,,,,,,9,9,,,,46,,,,,,Concussion (Cast Time 2.0) Reduce Threat,,,WIZ,,,,
Maelin's Gloves of Lore,Hands,,,,,34,280,270,,5,4,9,,7,10,,50,13,,,50,13,,,,,,,,,,,,,,15,10,,,,35,,,,,Inferno of Sol,,,,WIZ,,,,
Maelin's Bracelet of Lore,Wrist,,,,,30,260,270,,4,5,7,,6,6,,30,8,,,,,30,8,30,8,,,8,,,,,,,10,6,,,,26,,,,,,,,,WIZ,,,,
Raex's Helm of Destruction,Head,,,,,120,320,10,,10,13,,,5,8,,40,10,10,3,40,10,10,3,,,,,,,,,,,,18,8,,,,,,,,,Faerune,,,,WAR,,,,
Raex's Greaves of Destruction,Legs,,,,,140,330,10,,13,8,,,5,10,,60,15,10,3,10,3,10,3,60,15,,8,,,,,,,,47,10,,,,,,,,,,,,,WAR,,,,
Raex's Gauntlets of Destruction,Hands,,,,,110,310,10,,13,7,,,9,8,,50,13,,,,,50,13,,,,6,,,,,,,,37,8,,,,,,,,,,,,,WAR,,,,
Raex's Bracer of Destruction,Wrist,,,,,92,290,10,,8,6,,,7,8,,30,8,,,,,30,8,30,8,,,,,,,,,,19,8,,,,,,,,,,,,,WAR,,,,
Raex's Boots of Destruction,Feet,,,,,110,310,10,,10,8,,,5,10,,,,30,8,,,30,8,30,8,,4,,,,,,,,25,10,,,,,,,,,,,,,WAR,,,,
Raex's Armplates of Destruction,Arms,,,,,120,320,10,,13,9,,,6,8,,,,20,5,20,5,40,10,40,10,,6,,,,,,,,37,8,,,,,,,,,,,,,WAR,,,,
Rosrak's Sleeves of the Primal,Arms,,,,,86,270,280,,10,8,,10,,8,,,,20,5,40,10,40,10,20,5,,,,,,,,,,18,8,,,40,20,,,,,Marr's Gift,,,,SHM,,,,
Rosrak's Helm of the Primal,Head,,,,,80,270,280,,5,9,,10,5,6,,10,3,10,3,,,40,10,40,10,,,,,,,,,,11,6,,,40,20,,,,,Faerune,,,,SHM,,,,
Rosrak's Greaves of the Primal,Legs,,,,,100,290,300,,,5,,12,10,9,,10,3,10,3,60,15,60,15,30,3,,,,,,,,,,9,9,,,46,23,,,,,,Pox of Bertoxxulous (Cast Time 2.0) Disease DoT,,,SHM,,,,
Rosrak's Gauntlets of the Primal,Hands,,,,,80,270,280,,,6,,9,10,10,,,,50,13,,,,,50,13,,,,,,,,,,10,10,,,36,18,,,,,Saryrn's Tormet,,,,SHM,,,,
Rosrak's Bracer of the Primal,Wrist,,,,,62,260,270,,5,5,,7,7,5,,,,30,8,30,8,30,8,,,,,8,,,,,,,10,5,,,26,13,,,,,,,,,SHM,,,,
Rosrak's Boots of the Primal,Feet,,,,,80,270,280,,,10,,10,13,,,30,8,30,8,,,30,8,,,,,,,,,,,,,,,,40,20,,,,,Preservation of Xegony,,,,SHM,,,,
Magi`Kot's Tiara of Convergence,Head,,,,,32,270,280,,9,5,10,,5,6,,50,13,,,50,13,,,,,,,,,,,,,,15,6,,,,40,,,,,Faerune,,,,MAG,,,,
Magi`Kot's Bangle of Convergence,Wrist,,,,,30,260,270,,,5,7,,8,8,,,,30,8,,,30,8,30,8,,,8,,,,,,,8,8,,,,26,,,,,,,,,MAG,,,,
Magi`Kot's Sleeves of Convergence,Arms,,,,,40,270,280,,,6,10,,11,9,,,,20,5,20,5,40,10,40,10,,,,,,,,,,9,9,,,,40,,,,,Preservation of Xegony,,,,MAG,,,,
Magi`Kot's Gloves of Convergence,Hands,,,,,34,270,280,,10,8,9,,5,4,,50,13,50,13,,,,,,,,,,,,,,,,14,4,,,,36,,,,,Chromospheric,,,,MAG,,,,
Magi`Kot's Pants of Convergence,Legs,,,,,48,290,300,,,8,12,,6,10,,60,15,10,3,60,15,10,3,10,3,,,,,,,,,,10,10,,,,46,,,,,,Rod of Mystical Transvergence (Cast Time 0.5) Summon Mod Rod,,,MAG,,,,
Magi`Kot's Shoes of Convergence,Feet,,,,,34,270,280,,,6,10,,9,9,,,,30,8,30,8,30,8,,,,,,,,,,,,9,9,,,,40,,,,,Speeding Thought,,,,MAG,,,,
Grimror's Boots of the Plagues,Feet,,,,,100,290,260,,11,6,8,,,9,,,,,,30,8,30,8,30,8,,,,,,,,,,26,9,,,,30,,,,,Mana Preservation IV,,,,SHD,,,,
Grimror's Greaves of the Plagues,Legs,,,,,126,310,280,,5,7,9,,8,7,,10,3,60,16,10,3,10,3,60,15,,8,,,,,,,,43,7,,,,36,,,,,,,,,SHD,,,,
Grimror's Gauntlets of the Plagues,Hands,,,,,100,250,260,,6,6,7,,13,4,,,,,,50,13,50,13,,,,6,,,,,,,,33,4,,,,26,,,,,,,,,SHD,,,,
Grimror's Sleeves of the Plagues,Arms,,,,,108,290,260,,11,8,8,,9,,,40,10,40,10,,,20,5,20,5,,,,,,,,,,31,,,,,30,,,,,Burning Affliction IV,,,,SHD,,,,
Grimror's Bracer of the Plagues,Wrist,,,,,84,270,260,,4,6,5,,5,8,,30,8,30,8,,,,,30,8,,,,,,,,,,17,8,,,,20,,,,,,,,,SHD,,,,
Grimror's Helm of the Plagues,Head,,,,,108,290,260,,8,10,6,,5,6,,40,10,10,3,40,10,10,3,,,,,,,,,,,,14,6,,,,24,,,,,Faerune,,,,SHD,,,,
Ton Po's Gloves of Composure,Hands,,,,,42,290,10,,10,6,,,8,13,,50,13,,,,,,,50,13,,6,,,,,,,,25,13,,,,,,,,,,,,,MNK,,,,
Ton Po's Sandals of Composure,Feet,,,,,42,290,10,,9,6,,,6,12,,30,8,,,,,30,8,30,8,,4,,,,,,,,25,12,,,,,,,,,,,,,MNK,,,,
Ton Po's Leggings of Composure,Legs,,,,,58,310,10,,13,8,,,8,8,,10,3,60,15,10,3,60,15,10,3,,8,,,,,,,,47,8,,,,,,,,,,,,,MNK,,,,
Ton Po's Sleeves of Composure,Arms,,,,,50,290,10,,10,7,,,9,10,,,,40,10,20,5,20,5,40,10,,6,,,,,,,,35,10,,,,,,,,,,,,,MNK,,,,
Ton Po's Wristwraps of Composure,Wrist,,,,,40,270,10,,7,6,,,8,8,,30,8,,,30,8,,,30,8,,,,,,,,,,19,8,,,,,,,,,,,,,MNK,,,,
Ton Po's Helm of Composure,Head,,,,,44,290,10,,10,9,,,10,6,,10,3,60,15,10,3,10,3,10,3,,,,,,,,,,16,6,,,,,,,,,Faerune,,,,MNK,,,,
Bidilis' Boots of the Elusive,Feet,,,,,80,290,10,,13,8,,,,13,,30,8,30,8,30,8,,,,,,4,,,,,,,,27,13,,,,,,,,,,,,,ROG,,,,
Bidilis' Greaves of the Elusive ,Legs,,,,,100,310,10,,10,5,,,13,8,,60,15,10,3,10,3,10,3,60,15,,8,,,,,,,,45,8,,,,,,,,,,,,,ROG,,,,
Bidilis' Gauntlet of the Elusive,Hands,,,,,80,290,10,,13,8,,,10,5,,,,50,13,,,,,50,13,,6,,,,,,,,37,5,,,,,,,,,,,,,ROG,,,,
Bidilis' Sleeves of the Elusive,Arms,,,,,86,290,10,,8,7,,,10,11,,40,10,20,5,40,10,20,5,,,,6,,,,,,,,34,11,,,,,,,,,,,,,ROG,,,,
Bidilis' Bracer of the Elusive,Wrist,,,,,62,270,10,,9,6,,,8,6,,30,8,,,30,8,,,30,8,,,,,,,,,,20,6,,,,,,,,,,,,,ROG,,,,
Bidilis' Helm of the Elusive,Head,,,,,80,290,10,,8,8,,,8,13,,10,3,10,3,,,40,10,40,10,,,,,,,,,,20,13,,,,,,,,,,,,,ROG,,,,
Trydan's Boots of Nobility,Feet,,,,,100,290,260,,6,,,8,10,9,,,,30,8,30,8,,,30,8,,,,,,,,,,20,9,,,30,15,,,,,Mana Preservation IV,,,,PAL,,,,
Trydan's Greaves of Nobility,Legs,,,,,126,310,280,,13,7,,9,7,,,10,3,60,15,60,15,10,3,10,3,,8,,,,,,,,47,,,,36,18,,,,,,,,,PAL,,,,
Trydan's Gauntlets of Nobility,Hands,,,,,100,290,260,,10,6,,7,,13,,,,,,50,13,,,50,13,,6,,,,,,,,35,13,,,26,13,,,,,,,,,PAL,,,,
Trydan's Armplates of Nobility,Arms,,,,,108,290,260,,10,8,,8,10,,,40,10,,,20,5,40,10,20,5,,,,,,,,,,30,,,,30,15,,,,,Improved Healing IV,,,,PAL,,,,
Trydan's Bracer of Nobility,Wrist,,,,,84,270,260,,8,7,,5,,8,,,,30,8,,,30,8,30,8,,,,,,,,,,19,8,,,20,10,,,,,,,,,PAL,,,,
Trydan's Helm of Nobility,Head,,,,,108,290,260,,10,10,,6,,9,,10,3,10,3,60,15,10,3,10,3,,,,,,,,,,19,9,,,24,12,,,,,Faerune,,,,PAL,,,,
Miragul's Shoes of Risen Souls,Feet,,,,,34,270,280,,,6,10,,9,8,4,30,8,30,8,,,30,8,,,,,,,,,,,,8,8,,,,40,,,,,Speeding Thought,,,,NEC,,,,
Miragul's Greaves of Risen Souls,Legs,,,,,48,290,300,,6,5,12,,8,5,5,10,3,10,3,60,15,10,3,60,15,,,,,,,,,,11,5,,,,46,,,,,,Pyrocur (Cast Time 2.0) Fire DoT,,,NEC,,,,
Miragul's Gloves of Risen Souls,Hands,,,,,34,270,280,,,6,9,,10,8,4,,,50,13,50,13,,,,,,,,,,,,,,8,8,,,,36,,,,,Neurocism,,,,NEC,,,,
Miragul's Sleeves of Risen Souls ,Arms,,,,,40,270,280,,,8,10,,8,8,3,40,10,40,10,20,5,,,20,5,,,,,,,,,,8,8,,,,40,,,,,Preservation of Xegony,,,,NEC,,,,
Miragul's Bracelet of Risen Souls,Wrist,,,,,30,270,270,,6,4,7,,6,6,2,30,8,,,30,8,30,8,,,,,8,,,,,,,11,6,,,,26,,,,,,,,,NEC,,,,
Miragul's Crown of Risen Souls,Head,,,,,32,270,270,,6,9,10,,6,3,4,10,3,10,3,,,40,10,40,10,,,,,,,,,,9,3,,,,40,,,,,Faerune,,,,NEC,,,,
Romar's Slippers of Visions,Feet,,,,,34,270,280,,9,6,10,,6,,5,30,8,30,8,,,,,30,8,,,,,,,,,,9,,,,,40,,,,,Speeding Thought,,,,ENC,,,,
Romar's Pantaloons of Visions,Legs,,,,,48,290,300,,,10,12,,6,8,5,10,3,60,15,10,3,10,3,60,15,,,,,,,,,,8,8,,,,46,,,,,,Speed of Vallon (Cast Time 1.0) Haste,,,ENC,,,,
Romar's Gloves of Visions,Hands,,,,,34,270,280,,,5,9,,13,9,3,,,,,50,13,,,50,13,,,,,,,,,,9,9,,,,36,,,,,Insanity Sphere,,,,ENC,,,,
Romar's Sleeves of Visions,Arms,,,,,40,280,270,,6,9,10,,,9,5,,,40,10,20,5,20,5,40,10,,,,,,,,,,15,9,,,,40,,,,,Preservation of Xegony,,,,ENC,,,,
Romar's Bracer of Visions,Wrist,,,,,30,260,270,,5,4,7,,5,6,4,,,,,30,8,30,8,30,8,,,8,,,,,,,11,6,,,,26,,,,,,,,,ENC,,,,
Romar's Circlet of Visions,Head,,,,,32,270,280,,,5,10,,9,9,5,10,3,10,3,60,15,10,3,10,3,,,,,,,,,,9,9,,,,40,,,,,Faerune,,,,ENC,,,,
Kerasha's Sylvan Boots,Feet,,,,,42,270,280,,,7,,10,10,6,,,,,,30,8,30,8,30,8,,,,,,,,,,6,6,,,40,20,,,,,Preservation of Xegony,,,,DRU,,,,
Kerasha's Sylvan Leggings ,Legs,,,,,58,290,300,,10,6,,12,,8,5,10,3,10,3,60,15,60,15,10,3,,,,,,,,,,18,8,,,46,23,,,,,,Legacy of Bracken (Cast Time 0.25) Damage Shield,,,DRU,,,,
Kerasha's Sylvan Gloves,Hands,,,,,42,270,280,,,5,,9,9,13,2,,,50,13,,,50,13,,,,,,,,,,,,13,13,,,36,18,,,,,Summer's Vengeance,,,,DRU,,,,
Kerasha's Sylvan Sleeves,Arms,,,,,50,270,280,,,10,,10,,8,3,40,10,20,5,20,5,,,40,10,,,,,,,,,,8,8,,,40,20,,,,,Marr's Gift,,,,DRU,,,,
Kerasha's Sylvan Bracer,Wrist,,,,,40,260,270,,8,5,,7,,7,2,30,8,30,8,,,,,30,8,,,8,,,,,,,15,7,,,26,13,,,,,,,,,DRU,,,,
Kerasha's Sylvan Cap,Head,,,,,44,270,280,,4,8,,10,8,6,,10,3,60,15,10,3,10,3,10,3,,,,,,,,,,10,6,,,40,20,,,,,Faerune,,,,DRU,,,,
Ultor's Vambraces of Faith ,Arms,,,,,108,260,290,,9,7,,10,10,,3,20,5,,,40,10,40,10,20,5,,,,,,,,,,9,,,,40,20,,,,,Marr's Gift,,,,CLR,,,,
Ultor's Boots of Faith,Feet,,,,,100,280,270,,8,8,,10,,7,3,30,8,30,8,,,30,8,,,,,,,,,,,,15,7,,,40,20,,,,,Preservation of Xegony,,,,CLR,,,,
Ultor's Greaves of Faith,Legs,,,,,126,290,300,,,8,,12,10,6,,60,15,60,15,10,3,10,3,10,3,,,,,,,,,,6,6,,,46,23,,,,,,Mark of the Righteous (Cast Time 2.0) Reverse Damage Shield,,,CLR,,,,
Ultor's Gauntlets of Faith,Hands,,,,,100,280,270,,10,5,,9,,10,3,50,13,,,,,,,50,13,,,,,,,,,,20,10,,,36,18,,,,,Condemnation of the Ages,,,,CLR,,,,
Ultor's Bracer of Faith,Wrist,,,,,84,260,270,,,5,,7,8,8,3,,,30,8,30,8,30,8,,,,,8,,,,,,,8,8,,,26,13,,,,,,,,,CLR,,,,
Ultor's Helm of Faith ,Head,,,,,108,270,280,,6,8,,10,4,8,,40,10,10,3,40,10,10,3,,,,,,,,,,,,14,8,,,40,20,,,,,Faerune,,,,CLR,,,,
Kelp-lined Mantle,Shoulders,,,,,24,270,320,,,10,9,9,,6,10,20,5,60,15,,,,,,,,,,,,,,,,6,6,,,36,36,,,,,Timeburn,,,,"CLR, DRU, SHM, NEC, WIZ, MAG, ENC",,,,
Earring of Embedded Coral,Ear,,,,,40,300,300,,10,8,10,10,,,,,,50,13,,,,,50,13,,,,,,,,,,10,,,,40,40,,,,,Eterninosturm,,,,ALL,,,,
Hammer of Crushing Waves,"Primary, Secondary",,38,20,1HB,36,300,250,,10,5,,,8,8,,,,50,13,30,8,,,30,8,,,,,,,,,,18,8,,,,,,,,,,,"Wrath of Ice (150 DD, 0 Cold)",20,"WAR, PAL, RNG, SHD, MNK, BRD, ROG, BST",,,,
Double Woven Kelp Cord,"Arms, Wrist, Waist",,,,,40,290,290,62,,13,8,8,,10,,14,4,60,15,,,,,14,4,,,,,,,,,,10,10,,,30,30,,,,,,,,,"WAR, PAL, RNG, SHD, MNK, BRD, ROG, BST, BER",,,,
Mail of Storms,Chest,,,,,130,300,300,,13,10,,13,,10,,,,60,15,60,15,,,,,,,,,,,,,,42,10,,,50,25,,,,,Anger of Solusek,,,,"RNG, ROG, SHM, BER",,,,
Sharkbone Plated Shoulderpads,Shoulders,,,,,62,280,310,,13,8,6,6,10,,,20,5,50,13,,,,,,,,4,,,,,,,,27,,,,24,24,,,,,"Preservation of Solusek, Wind Resonance 40",,,,"WAR, PAL, RNG, SHD, BRD, ROG, BER",,,,
Intricately Etched Seashell,Secondary,,,,,100,280,280,,10,10,8,8,,,8,80,20,80,20,,,,,,,,,6,,,,,,,10,,,,30,30,,,,,Fury of Ro,,,,"CLR, DRU, SHM, NEC, WIZ, MAG, ENC",,,,
Algae Covered Stiletto,Primary,,40,23,1HP,,270,270,,,8,10,,13,8,,,,50,13,,,,,,,,,,,,,,,,8,8,,,,40,,,,,,Tiny Companion (Cast Time 0.5) Shrink Pet,,,"NEC, MAG",,,,
Gem Encrusted Axe,Primary,,66,22,1HS,40,270,290,,,8,8,8,8,6,,,,50,13,,,,,,,,,,,,,,,,6,6,,,30,30,,,,,,,"Runic (100 Absorb, 80 Heal)",20,"PAL, SHD",,,,
Ornate Abalone Recurve Bow,Range,,86 + 8Cold,37,Bow,30,290,250,,8,9,7,7,,8,,,,50,13,,,,,,,,,,,,,,,,15,8,,,26,26,,,,,,,Essence Drain (Decrease Mana),20,"WAR, PAL, RNG, SHD, ROG",,,,
Moss Encrusted Band,Finger,,,,,36,290,270,,15,8,10,10,,8,,30,8,50,13,,,,,,,,,,,,,,,,33,8,,,40,40,,,,,,,,,"WAR, PAL, RNG, SHD, MNK, BRD, ROG, BST, BER",,,,
Abalone Engraved Tribal Mask,Face,,,,,40,300,250,,,8,6,,,10,13,,,24,6,24,6,24,6,24,6,,,6,,,,,,,10,10,,,,24,,,,,Singing Resonance 40,,,,"PAL, RNG, SHD, BRD, BST",,,,
Lute of the Flowing Waters,"Range, Primary, Secondary",,,,,30,280,280,,,8,10,,5,13,,40,10,80,20,,,,,,,,,,,,,,,,13,13,,,,40,,,,,String Resonance 68,Wind of Marr (Cast Time Instant) Health and Mana Regen,,,BRD,,,,
Seaweed Woven Leggings,Legs,,,,,60,270,240,,,8,,8,9,10,,,,,,50,13,30,8,,,,4,,,,,,,,20,10,,,30,15,,,,,,,,,"DRU, MNK, BST",,,,
Ring of Algae,Finger,,,,,20,270,240,,10,5,6,6,13,,,,,50,13,,,,,,,,,6,,,,,,,10,,,,24,24,,,,,,,,,"WAR, PAL, RNG, SHD, MNK, BRD, ROG, BST, BER",,,,
War Drums of the Rathe,"Range, Primary, Secondary",,,,,30,300,300,,10,10,8,,,5,,,,,,,,,,,,,,,,,,,,,15,5,,,,30,,,,,Percussion Resonance 68,Tuyen's Chant of the Plague (Cast Time 1.0) Disease DoT,,,BRD,,,,
Runic Fragment of Truth,Aug,,,,,5,75,75,,,,,,,,,,,,,,,,,,,1,,,,,,,,,,,,,,,,,,,,,,,ALL,"Range, Primary, Secondary",,,
Runic Fragment of Truth (Enchanted),Aug,,,,,10,150,150,,,,,,,,,,,,,,,,,,,2,,,,,,,,,,,,,,,,,,,,,,,ALL,"Range, Primary, Secondary",,,
Runic Fragment of Truth (Legendary),Aug,,,,,10,150,150,,,,,,,,,,,,,,,,,,,2,,,,,,,,,,,,,,,,,,,,,,50,ALL,"Range, Primary, Secondary",Runic Strike (128 Absorb),,
Magical Fragment of Truth,Aug,,,,,5,60,60,,,,,,,,,4,,4,,4,,4,,4,,,,,,,,,,,,,,,,,,,,,,,,,ALL,"Range, Primary, Secondary",,5Magic,
Magical Fragment of Truth (Enchanted),Aug,,,,,10,120,120,,,,,,,,,8,,8,,8,,8,,8,,,,,,,,,,,,,,,,,,,,,,,,,ALL,"Range, Primary, Secondary",,10Magic,
Magical Fragment of Truth (Legendary),Aug,,,,,10,120,120,,1,1,1,1,1,1,1,8,4,8,4,8,4,8,4,8,4,,,,,,,,,,,,,,,,,,,,,,,,ALL,"Range, Primary, Secondary",,20Magic,
Fiery Fragment of Truth,Aug,,,,,5,60,60,,,,,,,,,4,,4,,4,,4,,4,,,,,,,,,,,,,,,,,,,,,,,,,ALL,"Range, Primary, Secondary",,5Fire,
Fiery Fragment of Truth (Enchanted),Aug,,,,,10,120,120,,,,,,,,,8,,8,,8,,8,,8,,,,,,,,,,,,,,,,,,,,,,,,,ALL,"Range, Primary, Secondary",,10Fire,
Fiery Fragment of Truth (Legendary),Aug,,,,,10,120,120,,1,1,1,1,1,1,1,8,4,8,4,8,4,8,4,8,4,,,,,,,,,,,,,,,,,,,,,,,,ALL,"Range, Primary, Secondary",,20Fire,
Icy Fragment of Truth,Aug,,,,,5,60,60,,,,,,,,,4,,4,,4,,4,,4,,,,,,,,,,,,,,,,,,,,,,,,,ALL,"Range, Primary, Secondary",,5Cold,
Icy Fragment of Truth (Enchanted),Aug,,,,,10,120,120,,,,,,,,,8,,8,,8,,8,,8,,,,,,,,,,,,,,,,,,,,,,,,,ALL,"Range, Primary, Secondary",,10Cold,
Icy Fragment of Truth (Legendary),Aug,,,,,10,120,120,,1,1,1,1,1,1,1,8,4,8,4,8,4,8,4,8,4,,,,,,,,,,,,,,,,,,,,,,,,ALL,"Range, Primary, Secondary",,20Cold,
Replenishing Fragment of Truth,Aug,,,,,5,75,75,,,,,,,,,4,,4,,4,,4,,4,,,,,,,,,,,,,,,,,,,,,,,,,ALL,"Range, Primary, Secondary",,,
Replenishing Fragment of Truth (Enchanted),Aug,,,,,10,150,150,,,,,,,,,8,,8,,8,,8,,8,,,,,,,,,,,,,,,,,,,,,,,,,ALL,"Range, Primary, Secondary",,,
Replenishing Fragment of Truth (Legendary),Aug,,,,,10,150,150,,1,1,1,1,1,1,1,8,4,8,4,8,4,8,4,8,4,,,,,,,,,,,,,,,,,,,,,,,,ALL,"Range, Primary, Secondary","Replenishing Strike (20 Mana, 20 Endurance) ",,
Healing Fragment of Truth,Aug,,,,,5,75,75,,,,,,,,,4,,4,,4,,4,,4,,,,,,,,,,,,,,,,,,,,,,,,,ALL,"Range, Primary, Secondary",,,
Healing Fragment of Truth (Enchanted),Aug,,,,,10,150,150,,,,,,,,,8,,8,,8,,8,,8,,,,,,,,,,,,,,,,,,,,,,,,,ALL,"Range, Primary, Secondary",,,
Healing Fragment of Truth (Legendary),Aug,,,,,10,150,150,,1,1,1,1,1,1,1,8,4,8,4,8,4,8,4,8,4,,,,,,,,,,,,,,,,,,,,,,,,ALL,"Range, Primary, Secondary",Healing Strike (125 Heal),,
Lethal Fragment of Truth,Aug,,,,,5,60,60,,,,,,,,,4,,4,,4,,4,,4,,,,,,,,,,,,,,,,,,,,,,,,,ALL,"Range, Primary, Secondary",,Backstab Dmg 5,
Lethal Fragment of Truth (Enchanted),Aug,,,,,10,120,120,,,,,,,,,8,,8,,8,,8,,8,,,,,,,,,,,,,,,,,,,,,,,,,ALL,"Range, Primary, Secondary",,Backstab Dmg 10,
Lethal Fragment of Truth (Legendary),Aug,,,,,10,120,120,,1,1,1,1,1,1,1,8,4,8,4,8,4,8,4,8,4,,,,,,,,,,,,,,,,,,,,,,,,ALL,"Range, Primary, Secondary",,Backstab Dmg 20,
Hastened Fragment of Truth,Aug,,,,,5,75,75,,,,,,,,,4,,4,,4,,4,,4,,,,,,,,,,,,,,,,,,,,,,,,,ALL,"Range, Primary, Secondary",,,
Hastened Fragment of Truth (Enchanted),Aug,,,,,10,150,150,,,,,,,,,8,,8,,8,,8,,8,,,,,,,,,,,,,,,,,,,,,,,,,ALL,"Range, Primary, Secondary",,,
Hastened Fragment of Truth (Legendary),Aug,,,,,10,150,150,,1,1,1,1,1,1,1,8,4,8,4,8,4,8,4,8,4,,,,,,,,,,,,,,,,,,,,,,,,ALL,"Range, Primary, Secondary",Blade of Truth (20% v3 Haste),,
Gelid Fragment of Truth,Aug,,,,,5,75,75,,,,,,,,,4,,4,,4,,4,,4,,,,,,,,,,,,,,,,,,,,,,,,,ALL,"Range, Primary, Secondary",,,
Gelid Fragment of Truth (Enchanted),Aug,,,,,10,150,150,,,,,,,,,8,,8,,8,,8,,8,,,,,,,,,,,,,,,,,,,,,,,,,ALL,"Range, Primary, Secondary",,,
Gelid Fragment of Truth (Legendary),Aug,,,,,10,150,150,,1,1,1,1,1,1,1,8,4,8,4,8,4,8,4,8,4,,,,,,,,,,,,,,,,,,,,,,,,ALL,"Range, Primary, Secondary","Gelid Strike (124 Damage, -25 Cold)",,
Earthspined Staff,Primary,,122,35,2HB,100,400,200,,13,15,9,9,15,,,,,,,,,60,15,60,15,,,,,,,,,,13,,,,36,36,,,,,,,"Bite of Bertoxxulous (150 Damage, -150 Disease)",70,"WAR, PAL, SHD, BER",,,,
Sword of Primordial Power,"Primary, Secondary",,58,30,1HS,40,310,270,,11,10,,8,,9,,14,4,14,4,14,4,40,10,14,4,,,,,,,,,,20,9,,,30,15,,,,,,,"Runic (100 Absorb, 80 Heal)",20,"WAR, RNG, BRD, ROG",,,,
Earthen Bile,Range,,,,,60,300,270,,10,10,8,8,,10,,,,,,,,50,13,50,13,,,,,,,,,,25,10,,,30,30,,,,,Druzzil's Distance,,,,"WAR, PAL, RNG, SHD, MNK, BRD, ROG, BST, BER",,,,
Chestguard of Enchanted Marble,Chest,,,,,170,300,300,,13,10,13,13,,10,6,,,,,,,60,15,60,15,,,,,,,,,,42,10,,,50,50,,,,,Preservation of Xegony,,,,"WAR, CLR, PAL, SHD, BRD",,,,
Leaf-twined Guards,"Arms, Wrist",,,,,20,270,300,,,10,,10,,13,8,30,8,,,,,40,10,40,10,,,8,,,,,,,13,13,,,40,20,,,,,Blaze of the Lightbringer,,,,"CLR, PAL, RNG, SHD, DRU, SHM, BST",,,,
Ring of Flowing Stones,Finger,,,,,60,300,300,,13,13,10,10,,,8,,,,,,,50,13,50,13,,10,,,,,,,,13,,,,40,40,,,,,,,,,ALL,,,,
Reinforced Mephit Talon,"Primary, Secondary",,34,19,1HP,20,280,280,,10,10,8,,,5,8,36,9,,,,,36,9,36,9,,,,,,,,,,15,5,,,,30,,,,,,,"Bite of Bertoxxulous (150 Damage, -150 Disease)",,"WAR, RNG, BRD, ROG",,,,
Bands of Earthen Energy,"Head, Neck, Waist",,,,,30,290,290,,,10,10,10,,,5,30,8,,,,,30,8,30,8,,,,,,,,,,,,,,40,40,,,,,Haste of Druzzil,,,,"CLR, DRU, SHM, NEC, WIZ, MAG, ENC",,,,
Clawed Earthcrafter's Hoop,Ear,,,,,30,280,270,,10,8,6,6,,8,,40,10,,,,,40,10,40,10,,4,,,,,,,,25,8,,,24,24,,,,,,,,,"WAR, PAL, RNG, SHD, MNK, BRD, ROG, BST, BER",,,,
Cudgel of Glowing Clay,Primary,,60,20,1HB,,280,280,,10,10,10,,10,,,,,,,,,40,10,40,10,,,,,,,,,,10,,,,,40,,,,,Anger of Solusek,,,,"CLR, DRU, SHM, NEC, WIZ, MAG, ENC",,,,
Twisted Twig Charm,"Neck, Arms, Wrist, Range",,,,,36,270,280,,8,,,10,,8,10,30,8,,,,,40,10,40,10,,,6,,,,,,,8,8,,,40,20,,,,,,,,,"CLR, DRU, SHM",,,,
Aegis of the Earth,Secondary,,,,,150,310,,,13,13,,,10,10,,,,,,,,50,13,50,13,,,,,,,,,,23,10,,,,,,,,,Furious Bash V,,,,WAR,,,,
Earring of Living Earth,Ear,,,,,16,270,230,,8,8,,,,13,,,,,,30,8,30,8,30,8,,4,,,,,,,,20,13,,,,,,,,,,,,,ALL,,,,
Cloak of Flickering Flame,Back,,,,,34,260,260,,10,8,9,9,,,8,30,8,30,8,,,,,,,,,10,,,,,,,10,,,,36,36,,,,,,,,,"PAL, RNG, SHD, BRD, BST",,,,
Entropy Pendant,Neck,,,,,46,270,280,,,10,,10,,10,,,,,,36,9,36,9,36,9,,,,,,,,,,10,10,,,40,20,,,,,Conservation of Solusek,,,,"CLR, PAL, RNG, SHD, DRU, SHM, BST",,,,
Wristband of the Rathe,Wrist,,,,,38,270,250,62,5,5,,5,,,,40,10,40,10,40,10,,,,,,,,,,,,,,5,,,,20,10,,,,,Druzzil's Distance,,,,"DRU, MNK, BST",,,,
Leaf-jointed Cloak,Back,,,,,50,280,260,,10,8,8,8,,9,,16,4,16,4,16,4,16,4,16,4,,,,,,,,,,25,9,,,30,30,,,,,,,,,"WAR, PAL, RNG, SHD, MNK, BRD, ROG, BST, BER",,,,
Circular Crystalline Formation,Secondary,,,,,100,270,280,,,13,9,9,,8,,30,8,,,,,60,15,60,15,,,14,,,,,,,8,8,,,36,36,,,,,,,,,"CLR, DRU, SHM, NEC, WIZ, MAG, ENC",,,,
Clay Bracers of the Golem,Wrist,,,,,60,270,250,62,,5,,5,,5,,40,10,,,,,40,10,40,10,,,,,,,,,,5,5,,,20,10,,,,,Druzzil's Distance,,,,"RNG, ROG, SHM, BER",,,,
Girdle of Earthen Stability,Waist,,,,,36,280,200,,10,13,9,9,,8,,,,,,,,50,13,50,13,,4,,,,,,,,25,8,,,36,36,,,,,,,,,"WAR, PAL, RNG, SHD, MNK, BRD, ROG, BST, BER",,,,
Flowing Moss Mantle,Shoulders,,,,,50,270,250,62,,10,6,6,9,9,,40,10,40,10,,,,,,,,,,,,,,,,9,9,,,24,24,,,,,,,,,ALL,,,,
Bracers of Earthen Energy,Wrist,,,,,76,270,250,62,,5,5,5,,5,5,,,40,10,40,10,40,10,,,,,,,,,,,,5,5,,,20,20,,,,,Druzzil's Distance,,,,"WAR, CLR, PAL, SHD, BRD",,,,
Bone Sliver Ornament,Range,,,,,40,260,290,,,10,10,,,,8,30,8,30,8,30,8,,,,,,,,,,,,,,,,,,,40,,,,,Speed of Solusek,,,,ALL,,,,
Stone Etched Mallet,"Primary, Secondary",,52,28,1HB,30,270,270,,10,5,,8,,8,,50,13,,,,,50,13,,,,,,,,,,,,18,8,,,30,15,,,,,,,Rune II (140 Absorb),20,"WAR, PAL, RNG, SHD, MNK, BRD, ROG, BST",,,,
Stone Etched War Sword,Primary,,104,30,2HS,70,370,370,,8,10,9,9,,13,,,,,,,,36,9,36,9,,,,,,,,,,20,13,,,36,36,,,,,,,Rune III (300 Absorb),70,"WAR, PAL, RNG, SHD, BER",,,,
Manacle of Disruption,Wrist,,,,,24,200,230,,,8,10,,,,13,,,,,,,30,8,30,8,,,,,,,,,,,,,,,40,,,,,,Gather Shadows (Cast Time 0.75) Invis,,,"NEC, WIZ, MAG, ENC",,,,
Spiked Skull Shoulderpads,Shoulders,,,,,26,270,10,,,,,,,13,,40,10,40,10,40,10,40,10,40,10,,2,,,,,,,,13,13,,,,,,,,,,,,,"WAR, MNK, ROG, BER",,,,
Shroud of the Stonecrafter,Back,,,,,40,250,280,,5,9,,13,,,8,30,8,,,,,30,8,30,8,,,10,,,,,,,5,,,,50,25,,,,,,,,,"CLR, DRU, SHM",,,,
Gleaming Mesh Girdle,Waist,,,,,56,300,300,,,10,,13,10,13,,20,5,,,70,18,20,5,20,5,,,,,,,,,,13,13,,,50,25,,,,,Quickening of Mithaniel,,,,"CLR, DRU, SHM",,,,
Great Mask of Flame,Face,,,,,40,300,280,,10,8,8,8,,18,,40,10,,,70,18,,,,,,6,,,,,,,,35,18,,,30,30,,,,,,,,,"WAR, PAL, RNG, SHD, MNK, BRD, ROG, BST, BER",,,,
Immaculate Vest of the Fire Tyrant,Chest,,,,,90,300,300,,13,10,,13,,10,5,60,15,,,60,15,,,,,,,,,,,,,,42,10,,,50,25,,,,,Preservation of Xegony,,,,"DRU, MNK, BST",,,,
Earring of Eternal Flame,Ear,,,,,40,280,310,,10,13,13,,,13,10,16,4,16,4,70,18,16,4,16,4,,,,,,,,,,23,13,,,,50,,,,,Flame of the Lightbringer,,,,"NEC, WIZ, MAG, ENC",,,,
"Ifir, Dagger of Fire","Primary, Secondary",,36,19,1HP,30,310,260,,10,10,,10,,10,,,,,,50,13,50,13,20,5,,,,,,,,,,20,10,,,40,20,,,,,,,"Flame of the Efreeti (100 Damage, -100 Fire)",20,"WAR, RNG, BRD, ROG",,,,
Simple Ring of Purity,Finger,,,,,20,290,320,,,10,8,8,8,10,,50,13,,,50,13,,,,,,,4,,,,,,,10,10,,,30,30,,,,,Marr's Gift,,,,ALL,,,,
Exquisite Phoenix Feather Mantle,"Shoulders, Back",,,,,40,310,250,,10,8,5,5,,,5,36,9,36,9,36,9,,,,,,,,,,,,,,35,,,,20,20,,,,,,,,,"WAR, PAL, RNG, SHD, MNK, BRD, ROG, BST, BER",,,,
Vest of Phoenix Feathers,Chest,,,,,72,300,300,,,13,13,,10,10,8,60,15,,,60,15,,,,,,6,,,,,,,,10,10,,,,50,,,,,Preservation of Xegony,,,,"NEC, WIZ, MAG, ENC",,,,
Exquisite Puresteel Wraps,"Primary, Secondary",,40,19,H2H,36,310,270,,,8,,8,13,13,,40,10,40,10,,,,,,,,,,,,,,,,13,13,,,30,15,,,,,,,"Sting of Ayonae (100 Damage, -150 Magic)",20,"MNK, BST",,,,
"Xephyrus, Wand of the Flowing Wind","Range, Primary, Secondary",,,,,30,310,310,,9,13,10,10,13,,,40,10,40,10,40,10,,,,,,,,,,,,,,9,,,,40,40,,,,,Fury of Druzzil,,,,ALL,,,,
Flame Idol of Ro ,Range,,,,,50,280,270,,,10,9,9,,8,,14,4,,,50,13,14,4,14,4,,,,,,,,,,8,8,,,36,36,,,,,Speed of Mithaniel,,,,"PAL, RNG, SHD, BRD, BST",,,,
Bracer of Flickering Flames,Wrist,,,,,40,280,280,,,8,,10,,10,,20,5,,,50,13,20,5,20,5,,,,,,,,,,10,10,,,40,20,,,,,Speed of Solusek,,,,"CLR, DRU, SHM",,,,
Fire Crested Rune,"Neck, Arms, Range, Waist",,,,,36,270,270,,10,10,8,,,8,8,30,8,,,50,13,30,8,30,8,,,6,,,,,,,18,8,,,,30,,,,,,,,,"NEC, WIZ, MAG, ENC",,,,
Cord of the Pyre,Waist,,,,,36,280,280,,8,10,,,,18,,30,8,,,50,13,30,8,30,8,,6,,,,,,,,34,18,,,,,,,,,,,,,"WAR, MNK, BRD, ROG, BER",,,,
Sable Shoes of Flame,Feet,,,,,46,270,270,62,10,6,6,6,9,9,,40,10,,,40,10,,,,,,,,,,,,,,19,9,,,24,24,,,,,,,,,"WAR, CLR, PAL, RNG, SHD, DRU, MNK, BRD, ROG, SHM, BST, BER",,,,
Band of Elder Understanding,Finger,,,,,30,270,270,,,10,,10,10,8,5,50,13,,,50,13,,,,,,,12,,,,,,,8,8,,,40,20,,,,,,,,,"CLR, DRU, SHM",,,,
Fire Marked Rune,"Neck, Arms, Wrist, Range",,,,,40,250,250,,,5,5,5,,9,,10,3,,,40,10,10,3,10,3,,,,,,,,,,15,9,,,20,20,,,,,,,,,"WAR, PAL, RNG, SHD, MNK, BRD, ROG, BST, BER",,,,
Blaring Horn of Fire,"Range, Primary, Secondary",,,,,30,300,300,,,10,8,,13,13,8,40,10,,,80,20,40,10,,,,,,,,,,,,13,13,,,,30,,,,,Brass Resonance 68,,,,BRD,,,,
Cloak of Combustion,Back,,,,,46,280,280,,8,13,10,10,,15,,70,18,,,70,18,,,,,,,,,,,,,,23,15,,,40,40,,,,,Fury of E`ci,,,,ALL,,,,
Blackflame Sphere,Range,,,,,30,250,300,,5,8,,10,5,5,5,,,,,50,13,,,30,8,,,,,,,,,,10,5,,,40,20,,,,,,Remove Greater Curse (Cast Time 1.875) Remove 45 Curse Counters,,,"CLR, PAL, DRU, SHM",,,,
Necklace of Reflected Flames ,Neck,,,,,30,270,270,,13,8,8,8,,10,,50,13,,,50,13,,,,,,,,,,,,,,37,10,,,30,30,,,,,,,,,ALL,,,,
Shimmering Sleeves of Flame,Arms,,,,,30,200,270,,8,8,10,,10,,5,,,,,70,18,,,,,,,,,,,,,,8,,,,,40,,,,,Spell Haste IV,,,,"NEC, WIZ, MAG, ENC",,,,
Shining Crimson Shawl,Shoulders,,,,,24,220,220,,,,8,8,6,6,5,,,,,60,15,,,,,,,,,,,,,,6,6,,,30,30,,,,,Mana Preservation IV,,,,"CLR, DRU, SHM, NEC, WIZ, MAG, ENC",,,,
Drape of the Agile,Back,,,,,36,250,10,,10,8,,,,10,,50,13,,,50,13,,,,,,,,,,,,,,20,10,,,,,,,,,,,,,"WAR, MNK, ROG, BER",,,,
Fang of Flame,Ear,,,,,30,220,150,,6,5,4,4,,6,,,,,,30,8,30,8,,,,,,,,,,,,13,6,,,16,16,,,,,,,,,"WAR, PAL, RNG, SHD, MNK, BRD, ROG, BST, BER",,,,
Staff of Eternal Flames,Primary,,115,35,2HB,70,400,450,,15,15,,18,,18,,60,15,,,60,15,,,60,15,,,,,,,,,,33,18,,,70,35,,,,,,Sympathetic Healing VIII,"Flames of Ro (400 Damage, -300 Fire)",70,"CLR, DRU, SHM",,,,
Fiery Staff of Zha,Primary,,81 + 2Magic,20,2HB,36,370,370,,9,10,,13,,10,,40,10,,,50,13,40,10,,,,,,,,,,,,19,10,,,50,25,,,,,,,"Flame of the Efreeti (100 Damage, -100 Fire)",120,"MNK, BST",,,,
Lava Forged Face Guard,Face,,,,,26,240,150,,8,6,6,6,,5,,20,5,,,50,13,,,,,,4,,,,,,,,14,5,,,24,24,,,,,,,,,"WAR, PAL, RNG, SHD, MNK, BRD, ROG, BST, BER",,,,
Burning Mask of Terror,Face,,,,,36,230,170,,,8,8,8,8,,,,,,,50,13,,,,,,,8,,,,,,,,,,,30,30,,,,,,,,,"PAL, RNG, SHD, BRD, BST",,,,
Ornate Greatblade,Primary,,81,23,2HS,50,340,340,,,13,10,10,,13,,20,5,,,40,10,20,5,20,5,,,,,,,,,,13,13,,,40,40,,,,,,,"Boil Blood (67 DoT, -100 Fire)",70,"WAR, PAL, RNG, SHD, BER",,,,
Cape of Flames,Back,,,,,30,280,280,,,9,10,,9,10,,60,15,,,60,15,,,,,,,12,,,,,,,10,10,,,,40,,,,,,,,,"NEC, WIZ, MAG, ENC",,,,
Mask of the Insightful,Face,,,,,24,270,270,,8,8,9,9,10,,5,40,10,,,40,10,,,,,,,4,,,,,,,8,,,,36,36,,,,,Druzzil's Distance,,,,"CLR, PAL, RNG, SHD, DRU, SHM, BST",,,,
Phoenix Claw Talisman,Neck,,,,,30,290,250,,10,10,,10,10,,,50,13,50,13,50,13,,,,,,,,,,,,,,10,,,,40,20,,,,,,Abolish Disease (Cast Time 1.5) Remove 36 Disease Counters,,,"SHM, BST",,,,
Air Fetish,Range,,,,,24,260,260,,,8,9,,8,,,30,8,30,8,,,,,,,,,,,,,,,,,,,,,36,,,,,Druzzil's Distance,,,,"NEC, WIZ, MAG, ENC",,,,
Fine Hammered Faceguard,Face,,,,,36,280,200,,8,10,5,5,13,,,60,15,,,40,10,,,,,,6,,,,,,,,34,,,,20,20,,,,,,,,,"WAR, PAL, RNG, SHD, MNK, BRD, ROG, BST, BER",,,,
Ensorcelled Metalcloth Cape,"Shoulders, Back",,,,,40,280,200,,13,13,8,8,,,,30,8,30,8,30,8,30,8,,,,,,,,,,,,13,,,,30,30,,,,,,,,,"WAR, PAL, RNG, SHD, MNK, BRD, ROG, BST, BER",,,,
Alabaster Hilted Wind Bow,Range,,68 + 8Magic,30,Bow,30,270,270,,,8,8,8,8,9,,36,9,36,9,36,9,36,9,36,9,,,,,,,,,,9,9,,,30,30,,,,,,,,,"WAR, PAL, RNG, SHD, ROG",,,,
Puremetal Band,"Ear, Finger",,,,,16,260,300,,,8,9,,6,6,4,,,,,,,36,9,36,9,,,6,,,,,,,6,6,,,,36,,,,,,,,,"CLR, DRU, SHM, NEC, WIZ, MAG, ENC",,,,
Woven Steel Sash,Waist,,,,,30,270,270,,10,10,10,10,,,,,,,,36,9,36,9,36,9,,,,,,,,,,10,,,,40,40,,,,,Patience of Eternity,,,,ALL,,,,
Whispering Air Bangle,Ear,,,,,16,280,280,,9,13,6,6,9,,5,50,13,50,13,,,,,,,,4,,,,,,,,25,,,,24,24,,,,,,,,,ALL,,,,
Band of Swirling Air,Finger,,,,,18,270,290,62,,8,,,15,15,,,,,,,,40,10,40,10,,,,,,,,,,15,15,,,,,,,,,,,,,ALL,,,,
Heavy Bludgeoner,Primary,,56 + 6Magic,20,1HB,40,280,280,,6,,9,,10,9,,36,9,36,9,,,,,,,,,,,,,,,,15,9,,,,,,,,,,,"Siphon Life (150 Damage Tap, -200 Magic)",20,SHD,,,,
Bulwark of Shimmering Steel,Secondary,,,,,90,280,300,,,5,10,,13,13,,50,13,50,13,50,13,,,,,,,6,,,,,,,13,13,,,,40,,,,,Speed of Solusek,,,,"NEC, WIZ, MAG, ENC",,,,
Rune Stamped Blade,"Primary, Secondary",,38,19,1HS,40,290,280,,5,8,,,,10,10,30,8,30,8,30,8,,,,,,,,,,,,,,15,10,,,,,,,,,,,Rune III (300 Absorb),20,BRD,,,,
Ivory Hilted Cleaver,"Primary, Secondary",,34,19,1HS,,280,270,,10,10,,8,8,8,,,,24,6,24,6,24,6,24,6,,,,,,,,,,18,8,,,30,15,,,,,,,"Wrath of Ice (150 Damage, 0 Cold)",30,"WAR, PAL, RNG, SHD, BRD, ROG",,,,
Gleaming Pendant of Xegony,Neck,,,,,18,250,250,,,8,9,,9,,,40,10,40,10,,,,,,,,,,,,,,,,,,,,,36,,,,,Conservation of Solusek,,,,"NEC, WIZ, MAG, ENC",,,,
The Rhythm of Xegony,"Primary, Secondary",,34,19,1HB,30,270,270,,5,8,8,,,5,10,20,5,20,5,20,5,20,5,20,5,,,,,,,,,,10,5,,,,30,,,,,,,"Sting of Ayonae (100 Damage, -150 Magic)",20,"WAR, PAL, RNG, SHD, MNK, BRD, ROG, BST",,,,
Resplendent Epaulets,Shoulders,,,,,30,220,180,,,,5,5,10,5,,30,8,30,8,30,8,,,,,,,,,,,,,,5,5,,,20,20,,,,,,,,,"WAR, PAL, RNG, SHD, MNK, BRD, ROG, BST, BER",,,,
Puresteel Mantle,Shoulders,,,,,80,270,10,,10,8,,,,8,,40,10,,,40,10,,,20,5,,,,,,,,,,18,8,,,,,,,,,,Shield of Pain (Cast Time 1.25) 10 Damage Shield,,,WAR,,,,
Sparkling Satin Pantaloons,Legs,,,,,48,230,200,,8,,8,,8,8,,,,,,50,13,,,,,,,,,,,,,,15,8,,,,30,,,,,,,,,"NEC, WIZ, MAG, ENC",,,,
Scintillating Feather Mask,Face,,,,,16,200,270,,,5,6,6,,,,20,5,20,5,20,5,20,5,20,5,,,,,,,,,,,,,,24,24,,,,,,,,,"CLR, DRU, SHM, NEC, WIZ, MAG, ENC",,,,
Band of Fortitude,"Wrist, Waist",,,,,30,230,230,,,7,5,5,,7,,36,9,,,36,9,,,,,,,,,,,,,,7,7,,,20,20,,,,,,,,,"WAR, PAL, RNG, SHD, MNK, BRD, ROG, BST, BER",,,,
Crow Footed Lance,Primary,,74,20,2HP,36,300,300,,10,10,10,10,,,,24,6,24,6,24,6,24,6,24,6,,,,,,,,,,10,,,,40,40,,,,,,,,,,,,,
Tethered Air Cape,Back,,,,,28,260,260,,,5,8,8,13,,,40,10,,,40,10,,,,,,,,,,,,,,,,,,30,30,,,,,Speed of Solusek,,,,"CLR, DRU, SHM, NEC, WIZ, MAG, ENC",,,,
Bejeweled Dagger of Summoning,"Range, Primary",,38,24,1HP,10,230,270,,,8,8,,9,,,40,10,40,10,,,,,,,,,,,,,,,,,,,,,30,,,,,,Summon Jewelry Bag (Cast Time 4.5),,,MAG,,,,
Sparkling Shortsword,"Primary, Secondary",,28 + 8Magic,18,1HS,30,150,150,,,,6,6,6,6,6,,,30,8,,,,,,,,,,,,,,,,6,6,,,24,24,,,,,,,,,"WAR, RNG, BRD, ROG",,,,
Lump of Pus,Aug,,,,,,40,15,,,,,,,,,,,,,,,,,,,,,,,,,,,,,,,,,,,,,,,,,,ALL,"Ear, Head, Face, Neck, Shoulders, Arms, Back, Wrist, Hands, Finger, Chest, Legs, Feet, Waist",,,
Lump of Pus (Enchanted),Aug,,,,,,80,30,,,,,,,,,,,,,,,,,,,,,,,,,,,,,,,,,,,,,,,,,,ALL,"Ear, Head, Face, Neck, Shoulders, Arms, Back, Wrist, Hands, Finger, Chest, Legs, Feet, Waist",,,
Lump of Pus (Legendary),Aug,,,,,,80,30,,,,,,,,1,,,,,,,,,,,,,,,,,,,,,,,,,,,,,,,,,,ALL,"Ear, Head, Face, Neck, Shoulders, Arms, Back, Wrist, Hands, Finger, Chest, Legs, Feet, Waist",,,
Askr's Thunderous Boots ,Feet,,,,,80,290,260,,8,8,,8,,10,,30,8,,,30,8,,,30,8,,,,,,,,,,24,10,,,30,15,,,,,Mana Preservation IV,,,,RNG,,,,
Askr's Thunderous Greaves,Legs,,,,,100,310,280,,9,8,,9,,10,,60,15,10,3,60,15,10,3,10,3,,8,,,,,,,,45,10,,,36,18,,,,,,,,,RNG,,,,
Askr's Thunderous Gauntlets,Hands,,,,,80,290,260,,,6,,7,10,13,,50,13,,,,,50,13,,,,6,,,,,,,,30,13,,,26,13,,,,,,,,,RNG,,,,
Askr's Thunderous Armplates,Arms,,,,,86,290,260,,10,7,,10,9,,,40,10,20,5,,,40,10,20,5,,,,,,,,,,30,,,,40,20,,,,,Improved Damage IV,,,,RNG,,,,
Askr's Thunderous Bracer,Wrist,,,,,62,270,260,,6,6,,5,3,8,,,,30,8,,,30,8,30,8,,,,,,,,,,18,8,,,20,10,,,,,,,,,RNG,,,,
Askr's Thunderous Helm,Head,,,,,80,290,260,,6,8,,6,6,9,,10,3,60,15,10,3,10,3,10,3,,,,,,,,,,15,9,,,24,12,,,,,Faerune,,,,RNG,,,,
Plankton Laced Greatsword ,Primary,,173,65,2HS,90,250,250,,,,6,6,9,9,,,,50,13,,,,,,,,,,,,,,,,9,9,,,24,24,,,,,,,,,"WAR, PAL, RNG, SHD, BER",,,,
Cudgel of Wrecking,"Primary, Secondary",,38 + 2Magic,21,1HB,30,300,280,,,8,8,8,10,,,40,10,40,10,20,5,,,,,,,,,,,,,,,,,,30,30,,,,,,,"Soul Leech (75 Damage Tap, -200 Magic)",20,"WAR, RNG, MNK, BRD, ROG, BST",,,,
Wand of the Vortex,Range,,,,,40,280,300,,,8,10,10,,10,,,,30,8,30,8,30,8,,,,,,,,,,,,10,10,,,40,40,,,,,,Annul Magic (Cast Time 1.125) Cancel Magic,,,"CLR, RNG, DRU, SHM, NEC, WIZ, MAG, ENC, BST",,,,
Feeliux's Cord of Velocity,Waist,,,,,60,200,10,62,13,10,,,13,13,,,,,,,,,,,,,,,,,,,,,25,13,,,,,,,,,,,,,"WAR, PAL, RNG, SHD, MNK, BRD, ROG, BST, BER",,,,